session_id;answered_at;attempt_order;italian_word;clue_language;clue;user_answer;is_correct;error_type;error_type_tr;similarity_score;confused_with;task_attempt_number;is_first_try_correct;source_file
20260720_140226;2026-07-20 14:03:10;1;Ciao;İngilizce;hi;ciao;True;correct;Doğru;1.0;;1;True;20.07.2026_14.02.26_attempts.csv
20260720_140226;2026-07-20 14:03:21;2;Fare;İngilizce;To do/ to make;fare;True;correct;Doğru;1.0;;1;True;20.07.2026_14.02.26_attempts.csv
20260720_140226;2026-07-20 14:03:30;3;A Domani;Türkçe;Yarın Görüşürüz;a domani;True;correct;Doğru;1.0;;1;True;20.07.2026_14.02.26_attempts.csv
20260720_140226;2026-07-20 14:03:48;4;Mezzo di trasporto;Türkçe;Ulaşım Aracı;di mezzo traporta;False;unknown_or_semantic_error;Bilinmeyen veya anlamsal hata;0.743;;1;False;20.07.2026_14.02.26_attempts.csv
20260720_140226;2026-07-20 14:04:03;5;Iniziare;Türkçe;Başlamak;iniziare;True;correct;Doğru;1.0;;1;True;20.07.2026_14.02.26_attempts.csv
20260720_140727;2026-07-20 14:07:50;1;Pensare;Türkçe;Düşünmek;pensare;True;correct;Doğru;1.0;;1;True;20.07.2026_14.07.27_attempts.csv
20260720_140727;2026-07-20 14:07:57;2;Pensare;İngilizce;To think;pensare;True;correct;Doğru;1.0;;1;True;20.07.2026_14.07.27_attempts.csv
20260720_140727;2026-07-20 14:08:52;3;Due anni fa;İngilizce;Two years ago;due anni fa;True;correct;Doğru;1.0;;1;True;20.07.2026_14.07.27_attempts.csv
20260720_140727;2026-07-20 14:09:10;4;Mezzo di trasporto;İngilizce;Transportation;mezzo di transporta;False;spelling_error;Yazım hatası;0.919;;1;False;20.07.2026_14.07.27_attempts.csv
20260720_140727;2026-07-20 14:09:28;5;Potere;İngilizce;Can/ to be able to;potare;False;spelling_error;Yazım hatası;0.833;;1;False;20.07.2026_14.07.27_attempts.csv
20260720_140727;2026-07-20 14:09:36;6;Diverso;Türkçe;Farklı/Çeşitli;diverso;True;correct;Doğru;1.0;;1;True;20.07.2026_14.07.27_attempts.csv
20260720_140727;2026-07-20 14:09:40;7;Mese;Türkçe;Ay;mese;True;correct;Doğru;1.0;;1;True;20.07.2026_14.07.27_attempts.csv
20260720_140727;2026-07-20 14:09:49;8;Altro;Türkçe;Başka / Diğer / Bir tane daha;altro;True;correct;Doğru;1.0;;1;True;20.07.2026_14.07.27_attempts.csv
20260720_140727;2026-07-20 14:09:54;9;Parlare;Türkçe;Konuşmak;parlare;True;correct;Doğru;1.0;;1;True;20.07.2026_14.07.27_attempts.csv
20260720_140727;2026-07-20 14:10:10;10;Dovere;İngilizce;Must/ to have to;dovere;True;correct;Doğru;1.0;;1;True;20.07.2026_14.07.27_attempts.csv
20260720_140727;2026-07-20 14:10:15;11;Fine Settimana;Türkçe;Hafta sonu;fine settimana;True;correct;Doğru;1.0;;1;True;20.07.2026_14.07.27_attempts.csv
20260720_140727;2026-07-20 14:10:37;12;Assenza;Türkçe;Yokluk / Bulunmama;assenze;False;spelling_error;Yazım hatası;0.857;;1;False;20.07.2026_14.07.27_attempts.csv
20260720_140727;2026-07-20 14:10:50;13;Facile;İngilizce;Easy;facile;True;correct;Doğru;1.0;;1;True;20.07.2026_14.07.27_attempts.csv
20260720_140727;2026-07-20 14:13:24;14;Durante;Türkçe;Sırasında / Boyunca;durante;True;correct;Doğru;1.0;;1;True;20.07.2026_14.07.27_attempts.csv
20260720_140727;2026-07-20 14:13:28;15;Corso;Türkçe;Kurs / Ders;corso;True;correct;Doğru;1.0;;1;True;20.07.2026_14.07.27_attempts.csv
20260720_140727;2026-07-20 14:13:33;16;Vorrei;Türkçe;İsterdim / istiyorum;vorrei;True;correct;Doğru;1.0;;1;True;20.07.2026_14.07.27_attempts.csv
20260720_140727;2026-07-20 14:13:37;17;Indicare;İngilizce;To indicate / To point out;indicare;True;correct;Doğru;1.0;;1;True;20.07.2026_14.07.27_attempts.csv
20260720_140727;2026-07-20 14:13:41;18;Domani;Türkçe;Yarın;domani;True;correct;Doğru;1.0;;1;True;20.07.2026_14.07.27_attempts.csv
20260720_140727;2026-07-20 14:13:47;19;Diverso;İngilizce;Different/various;diverso;True;correct;Doğru;1.0;;1;True;20.07.2026_14.07.27_attempts.csv
20260720_140727;2026-07-20 14:13:52;20;Essere;İngilizce;To be;essere;True;correct;Doğru;1.0;;1;True;20.07.2026_14.07.27_attempts.csv
20260720_140727;2026-07-20 14:13:57;21;Assenza;Türkçe;Yokluk / Bulunmama;assenza;True;correct;Doğru;1.0;;2;False;20.07.2026_14.07.27_attempts.csv
20260720_140727;2026-07-20 14:15:31;22;Ciao;İngilizce;hi;ciao;True;correct;Doğru;1.0;;1;True;20.07.2026_14.07.27_attempts.csv
20260720_140727;2026-07-20 14:15:39;23;Due anni fa;Türkçe;İki yıl önce;due anni fa;True;correct;Doğru;1.0;;1;True;20.07.2026_14.07.27_attempts.csv
20260720_140727;2026-07-20 14:15:45;24;Prendere;Türkçe;Almak/Binmek;prendere;True;correct;Doğru;1.0;;1;True;20.07.2026_14.07.27_attempts.csv
20260720_140727;2026-07-20 14:15:52;25;Presente;Türkçe;Mevcut / Şimdiki / Hazır bulunan;present;False;spelling_error;Yazım hatası;0.933;;1;False;20.07.2026_14.07.27_attempts.csv
20260720_140727;2026-07-20 14:16:02;26;Sbagliato;Türkçe;Yanlış / Hatalı;sbagliotto;False;spelling_error;Yazım hatası;0.842;;1;False;20.07.2026_14.07.27_attempts.csv
20260720_140727;2026-07-20 14:16:08;27;Felice;İngilizce;Happy;felice;True;correct;Doğru;1.0;;1;True;20.07.2026_14.07.27_attempts.csv
20260720_140727;2026-07-20 14:16:15;28;Ricevere;İngilizce;To recieve;ricevere;True;correct;Doğru;1.0;;1;True;20.07.2026_14.07.27_attempts.csv
20260720_140727;2026-07-20 14:16:19;29;Durante;İngilizce;During;durante;True;correct;Doğru;1.0;;1;True;20.07.2026_14.07.27_attempts.csv
20260720_140727;2026-07-20 14:16:28;30;Presente;Türkçe;Mevcut / Şimdiki / Hazır bulunan;presente;True;correct;Doğru;1.0;;2;False;20.07.2026_14.07.27_attempts.csv
20260720_140727;2026-07-20 14:16:36;31;Volere;Türkçe;İstemek;voglio;False;wrong_word_form;Yanlış/çekimli kelime biçimi;0.5;;1;False;20.07.2026_14.07.27_attempts.csv
20260720_140727;2026-07-20 14:16:47;32;Vivere;Türkçe;Yaşamak;vivere;True;correct;Doğru;1.0;;1;True;20.07.2026_14.07.27_attempts.csv
20260720_140727;2026-07-20 14:16:54;33;Difficile;Türkçe;Zor;difficile;True;correct;Doğru;1.0;;1;True;20.07.2026_14.07.27_attempts.csv
20260720_140727;2026-07-20 14:17:06;34;Ricevere;Türkçe;Almak/ Teslim almak;ricevere;True;correct;Doğru;1.0;;1;True;20.07.2026_14.07.27_attempts.csv
20260720_140727;2026-07-20 14:17:12;35;Oggi;İngilizce;Today;oggi;True;correct;Doğru;1.0;;1;True;20.07.2026_14.07.27_attempts.csv
20260720_140727;2026-07-20 14:17:16;36;Iniziare;İngilizce;To start/to begin;iniziare;True;correct;Doğru;1.0;;1;True;20.07.2026_14.07.27_attempts.csv
20260720_140727;2026-07-20 14:17:24;37;Azione;Türkçe;Aksiyon;azzione;False;spelling_error;Yazım hatası;0.923;;1;False;20.07.2026_14.07.27_attempts.csv
20260720_140727;2026-07-20 14:17:33;38;Sbagliato;İngilizce;Wrong/Incorrect;sbaglito;False;spelling_error;Yazım hatası;0.941;;1;False;20.07.2026_14.07.27_attempts.csv
20260720_140727;2026-07-20 14:17:40;39;Cambiare;İngilizce;To change;cambiare;True;correct;Doğru;1.0;;1;True;20.07.2026_14.07.27_attempts.csv
20260720_140727;2026-07-20 14:17:46;40;Presente;İngilizce;Present / Current;presente;True;correct;Doğru;1.0;;1;True;20.07.2026_14.07.27_attempts.csv
20260720_140727;2026-07-20 14:17:49;41;Fare;İngilizce;To do/ to make;fare;True;correct;Doğru;1.0;;1;True;20.07.2026_14.07.27_attempts.csv
20260720_140727;2026-07-20 14:18:10;42;Cortese;Türkçe;Kibar/Nazik;cortese;True;correct;Doğru;1.0;;1;True;20.07.2026_14.07.27_attempts.csv
20260720_140727;2026-07-20 14:18:17;43;Dovere;Türkçe;Zorunda olmak;dovere;True;correct;Doğru;1.0;;1;True;20.07.2026_14.07.27_attempts.csv
20260720_140727;2026-07-20 14:18:21;44;Vita;Türkçe;Hayat;vita;True;correct;Doğru;1.0;;1;True;20.07.2026_14.07.27_attempts.csv
20260720_140727;2026-07-20 14:18:25;45;Andare;Türkçe;Gitmek;andare;True;correct;Doğru;1.0;;1;True;20.07.2026_14.07.27_attempts.csv
20260720_140727;2026-07-20 14:18:29;46;Corso;İngilizce;Course / Class;corso;True;correct;Doğru;1.0;;1;True;20.07.2026_14.07.27_attempts.csv
20260720_140727;2026-07-20 14:18:33;47;Vivere;İngilizce;To live;vivere;True;correct;Doğru;1.0;;1;True;20.07.2026_14.07.27_attempts.csv
20260720_140727;2026-07-20 14:18:36;48;Parlare;İngilizce;To speak;parlare;True;correct;Doğru;1.0;;1;True;20.07.2026_14.07.27_attempts.csv
20260720_140727;2026-07-20 14:18:44;49;Mezzo di trasporto;Türkçe;Ulaşım Aracı;mezzo di trasporta;False;spelling_error;Yazım hatası;0.944;;1;False;20.07.2026_14.07.27_attempts.csv
20260720_140727;2026-07-20 14:18:55;50;Anno;Türkçe;Yıl;anno;True;correct;Doğru;1.0;;1;True;20.07.2026_14.07.27_attempts.csv
20260720_140727;2026-07-20 14:19:03;51;Dormire;Türkçe;Uyumak;dormire;True;correct;Doğru;1.0;;1;True;20.07.2026_14.07.27_attempts.csv
20260720_140727;2026-07-20 14:19:17;52;Potere;Türkçe;Yapabilmek;potere;True;correct;Doğru;1.0;;1;True;20.07.2026_14.07.27_attempts.csv
20260720_140727;2026-07-20 14:19:21;53;Felice;Türkçe;Mutlu;felice;True;correct;Doğru;1.0;;1;True;20.07.2026_14.07.27_attempts.csv
20260720_140727;2026-07-20 14:19:26;54;Domani;İngilizce;Tomorrow;domani;True;correct;Doğru;1.0;;1;True;20.07.2026_14.07.27_attempts.csv
20260720_140727;2026-07-20 14:19:31;55;Vita;İngilizce;Life;vita;True;correct;Doğru;1.0;;1;True;20.07.2026_14.07.27_attempts.csv
20260720_140727;2026-07-20 14:19:44;56;Fare;Türkçe;Yapmak;fare;True;correct;Doğru;1.0;;1;True;20.07.2026_14.07.27_attempts.csv
20260720_140727;2026-07-20 14:19:49;57;Qualcosa;İngilizce;Something;qualcosa;True;correct;Doğru;1.0;;1;True;20.07.2026_14.07.27_attempts.csv
20260720_140727;2026-07-20 14:19:52;58;Ieri;İngilizce;Yesterday;ieri;True;correct;Doğru;1.0;;1;True;20.07.2026_14.07.27_attempts.csv
20260720_140727;2026-07-20 14:20:09;59;Azione;Türkçe;Aksiyon;azione;True;correct;Doğru;1.0;;2;False;20.07.2026_14.07.27_attempts.csv
20260720_140727;2026-07-20 14:20:13;60;Strada;İngilizce;Road / Street / Way;strada;True;correct;Doğru;1.0;;1;True;20.07.2026_14.07.27_attempts.csv
20260720_140727;2026-07-20 14:20:20;61;Trovare;Türkçe;Bulmak;trovare;True;correct;Doğru;1.0;;1;True;20.07.2026_14.07.27_attempts.csv
20260720_140727;2026-07-20 14:20:32;62;Prendere;İngilizce;To take/to get;prendere;True;correct;Doğru;1.0;;1;True;20.07.2026_14.07.27_attempts.csv
20260720_140727;2026-07-20 14:20:41;63;Tra/Fra due anni;Türkçe;İki yıl sonra;Tra/Fra due anni;True;correct;Doğru;1.0;;1;True;20.07.2026_14.07.27_attempts.csv
20260720_140727;2026-07-20 14:20:45;64;Sogno;İngilizce;Dream;sogno;True;correct;Doğru;1.0;;1;True;20.07.2026_14.07.27_attempts.csv
20260720_140727;2026-07-20 14:20:49;65;Tempo;Türkçe;Zaman;tempo;True;correct;Doğru;1.0;;1;True;20.07.2026_14.07.27_attempts.csv
20260720_140727;2026-07-20 14:20:56;66;Assenza;İngilizce;Absence;assenza;True;correct;Doğru;1.0;;1;True;20.07.2026_14.07.27_attempts.csv
20260720_140727;2026-07-20 14:21:00;67;Avere;İngilizce;To have;avere;True;correct;Doğru;1.0;;1;True;20.07.2026_14.07.27_attempts.csv
20260720_140727;2026-07-20 14:21:04;68;Settimana;İngilizce;Week;settimana;True;correct;Doğru;1.0;;1;True;20.07.2026_14.07.27_attempts.csv
20260720_140727;2026-07-20 14:21:11;69;Facile;Türkçe;Kolay;facile;True;correct;Doğru;1.0;;1;True;20.07.2026_14.07.27_attempts.csv
20260720_140727;2026-07-20 14:21:14;70;Senza;Türkçe;-Sız/ -siz;senza;True;correct;Doğru;1.0;;1;True;20.07.2026_14.07.27_attempts.csv
20260720_140727;2026-07-20 14:21:18;71;Vorrei;İngilizce;I’d like;vorrei;True;correct;Doğru;1.0;;1;True;20.07.2026_14.07.27_attempts.csv
20260720_140727;2026-07-20 14:21:29;72;Dopo;İngilizce;After/Later;dopo;True;correct;Doğru;1.0;;1;True;20.07.2026_14.07.27_attempts.csv
20260720_140727;2026-07-20 14:21:34;73;Sapere;İngilizce;To know;sapere;True;correct;Doğru;1.0;;1;True;20.07.2026_14.07.27_attempts.csv
20260720_140727;2026-07-20 14:21:39;74;A Domani;İngilizce;See you tomorrow;a domani;True;correct;Doğru;1.0;;1;True;20.07.2026_14.07.27_attempts.csv
20260720_140727;2026-07-20 14:21:48;75;Tra/Fra due anni;İngilizce;In two years;Tra/Fra due anni;True;correct;Doğru;1.0;;1;True;20.07.2026_14.07.27_attempts.csv
20260720_140727;2026-07-20 14:21:53;76;Rendere;İngilizce;To make/To render;rendere;True;correct;Doğru;1.0;;1;True;20.07.2026_14.07.27_attempts.csv
20260720_140727;2026-07-20 14:22:02;77;Anno;İngilizce;Year;anno;True;correct;Doğru;1.0;;1;True;20.07.2026_14.07.27_attempts.csv
20260720_140727;2026-07-20 14:22:05;78;Mese;İngilizce;Month;mese;True;correct;Doğru;1.0;;1;True;20.07.2026_14.07.27_attempts.csv
20260720_140727;2026-07-20 14:22:09;79;Senza;İngilizce;Without;senza;True;correct;Doğru;1.0;;1;True;20.07.2026_14.07.27_attempts.csv
20260720_140727;2026-07-20 14:22:15;80;Cambiare;Türkçe;Değiştirmek / Değişmek;cambiare;True;correct;Doğru;1.0;;1;True;20.07.2026_14.07.27_attempts.csv
20260720_140727;2026-07-20 14:22:19;81;Fine Settimana;İngilizce;Weekend;fine settimana;True;correct;Doğru;1.0;;1;True;20.07.2026_14.07.27_attempts.csv
20260720_140727;2026-07-20 14:22:23;82;Trovare;İngilizce;To find;;False;no_recall;Hatırlayamama / boş cevap;0.0;;1;False;20.07.2026_14.07.27_attempts.csv
20260720_140727;2026-07-20 14:22:37;83;Giorno;Türkçe;Gün;giorno;True;correct;Doğru;1.0;;1;True;20.07.2026_14.07.27_attempts.csv
20260720_140727;2026-07-20 14:22:41;84;Difficile;İngilizce;Difficult/Hard;difficile;True;correct;Doğru;1.0;;1;True;20.07.2026_14.07.27_attempts.csv
20260720_140727;2026-07-20 14:22:46;85;Prima;Türkçe;Önce/Daha önce;prima;True;correct;Doğru;1.0;;1;True;20.07.2026_14.07.27_attempts.csv
20260720_140727;2026-07-20 14:22:49;86;Dopo;Türkçe;Sonra;dopo;True;correct;Doğru;1.0;;1;True;20.07.2026_14.07.27_attempts.csv
20260720_140727;2026-07-20 14:22:53;87;Tempo;İngilizce;Time;tempo;True;correct;Doğru;1.0;;1;True;20.07.2026_14.07.27_attempts.csv
20260720_140727;2026-07-20 14:22:58;88;Azione;İngilizce;Action;azione;True;correct;Doğru;1.0;;1;True;20.07.2026_14.07.27_attempts.csv
20260720_140727;2026-07-20 14:23:08;89;A Domani;Türkçe;Yarın Görüşürüz;a domani;True;correct;Doğru;1.0;;1;True;20.07.2026_14.07.27_attempts.csv
20260720_140727;2026-07-20 14:23:14;90;Potere;İngilizce;Can/ to be able to;potere;True;correct;Doğru;1.0;;2;False;20.07.2026_14.07.27_attempts.csv
20260720_140727;2026-07-20 14:23:17;91;Altro;İngilizce;Other / Another / More;altro;True;correct;Doğru;1.0;;1;True;20.07.2026_14.07.27_attempts.csv
20260720_140727;2026-07-20 14:23:25;92;Sbagliato;Türkçe;Yanlış / Hatalı;sbagliota;False;spelling_error;Yazım hatası;0.778;;2;False;20.07.2026_14.07.27_attempts.csv
20260720_140727;2026-07-20 14:23:33;93;Ieri;Türkçe;Dün;ieri;True;correct;Doğru;1.0;;1;True;20.07.2026_14.07.27_attempts.csv
20260720_140727;2026-07-20 14:23:40;94;Bisogno;Türkçe;İhtiyaç;bisogno;True;correct;Doğru;1.0;;1;True;20.07.2026_14.07.27_attempts.csv
20260720_140727;2026-07-20 14:24:14;95;Portare;İngilizce;To bring / To carry / To take;portare;True;correct;Doğru;1.0;;1;True;20.07.2026_14.07.27_attempts.csv
20260720_140727;2026-07-20 14:24:21;96;Strada;Türkçe;Yol / Cadde / Sokak;strada;True;correct;Doğru;1.0;;1;True;20.07.2026_14.07.27_attempts.csv
20260720_140727;2026-07-20 14:24:25;97;Dormire;İngilizce;To sleep;dormire;True;correct;Doğru;1.0;;1;True;20.07.2026_14.07.27_attempts.csv
20260720_140727;2026-07-20 14:24:29;98;Trovare;İngilizce;To find;trovare;True;correct;Doğru;1.0;;2;False;20.07.2026_14.07.27_attempts.csv
20260720_140727;2026-07-20 14:24:33;99;Bisogno;İngilizce;Need;bisogno;True;correct;Doğru;1.0;;1;True;20.07.2026_14.07.27_attempts.csv
20260720_140727;2026-07-20 14:24:44;100;Adesso;Türkçe;Şimdi;adesso;True;correct;Doğru;1.0;;1;True;20.07.2026_14.07.27_attempts.csv
20260720_140727;2026-07-20 14:24:55;101;Cortese;İngilizce;Polite/ Courteous;cortese;True;correct;Doğru;1.0;;1;True;20.07.2026_14.07.27_attempts.csv
20260720_140727;2026-07-20 14:24:59;102;Iniziare;Türkçe;Başlamak;iniziare;True;correct;Doğru;1.0;;1;True;20.07.2026_14.07.27_attempts.csv
20260720_140727;2026-07-20 14:25:04;103;Qualcosa;Türkçe;Bir şey;qualcosa;True;correct;Doğru;1.0;;1;True;20.07.2026_14.07.27_attempts.csv
20260720_140727;2026-07-20 14:25:08;104;Indicare;Türkçe;Göstermek / Belirtmek;indicaree;False;spelling_error;Yazım hatası;0.941;;1;False;20.07.2026_14.07.27_attempts.csv
20260720_140727;2026-07-20 14:25:12;105;Andare;İngilizce;To go;andare;True;correct;Doğru;1.0;;1;True;20.07.2026_14.07.27_attempts.csv
20260720_140727;2026-07-20 14:25:20;106;Settimana;Türkçe;Hafta;settimana;True;correct;Doğru;1.0;;1;True;20.07.2026_14.07.27_attempts.csv
20260720_140727;2026-07-20 14:25:23;107;Sogno;Türkçe;Hayal;sogno;True;correct;Doğru;1.0;;1;True;20.07.2026_14.07.27_attempts.csv
20260720_140727;2026-07-20 14:25:30;108;Indicare;Türkçe;Göstermek / Belirtmek;indicare;True;correct;Doğru;1.0;;2;False;20.07.2026_14.07.27_attempts.csv
20260720_140727;2026-07-20 14:25:35;109;Volere;İngilizce;To want;volere;True;correct;Doğru;1.0;;1;True;20.07.2026_14.07.27_attempts.csv
20260720_140727;2026-07-20 14:25:51;110;Portare;Türkçe;Getirmek / Taşımak / Götürmek;portare;True;correct;Doğru;1.0;;1;True;20.07.2026_14.07.27_attempts.csv
20260720_140727;2026-07-20 14:25:54;111;Adesso;İngilizce;Now;adesso;True;correct;Doğru;1.0;;1;True;20.07.2026_14.07.27_attempts.csv
20260720_140727;2026-07-20 14:26:00;112;Prima;İngilizce;Before/Earlier;prima;True;correct;Doğru;1.0;;1;True;20.07.2026_14.07.27_attempts.csv
20260720_140727;2026-07-20 14:26:03;113;Essere;Türkçe;Olmak;essere;True;correct;Doğru;1.0;;1;True;20.07.2026_14.07.27_attempts.csv
20260720_140727;2026-07-20 14:26:17;114;Mezzo di trasporto;Türkçe;Ulaşım Aracı;mezzo di trasporta;False;spelling_error;Yazım hatası;0.944;;2;False;20.07.2026_14.07.27_attempts.csv
20260720_140727;2026-07-20 14:26:32;115;Rendere;Türkçe;Hale getirmek;rendere;True;correct;Doğru;1.0;;1;True;20.07.2026_14.07.27_attempts.csv
20260720_140727;2026-07-20 14:26:39;116;Sbagliato;İngilizce;Wrong/Incorrect;sbagliato;True;correct;Doğru;1.0;;2;False;20.07.2026_14.07.27_attempts.csv
20260720_140727;2026-07-20 14:26:42;117;Giorno;İngilizce;Day;;False;no_recall;Hatırlayamama / boş cevap;0.0;;1;False;20.07.2026_14.07.27_attempts.csv
20260720_140727;2026-07-20 14:26:47;118;Benvenuto;İngilizce;Welcome;benvenuto;True;correct;Doğru;1.0;;1;True;20.07.2026_14.07.27_attempts.csv
20260720_140727;2026-07-20 14:26:52;119;Sapere;Türkçe;Bilmek;sapere;True;correct;Doğru;1.0;;1;True;20.07.2026_14.07.27_attempts.csv
20260720_140727;2026-07-20 14:26:57;120;Giorno;İngilizce;Day;giorno;True;correct;Doğru;1.0;;2;False;20.07.2026_14.07.27_attempts.csv
20260720_140727;2026-07-20 14:27:04;121;Mezzo di trasporto;Türkçe;Ulaşım Aracı;mezzo di trasporto;True;correct;Doğru;1.0;;3;False;20.07.2026_14.07.27_attempts.csv
20260720_140727;2026-07-20 14:27:10;122;Sbagliato;Türkçe;Yanlış / Hatalı;sbagliato;True;correct;Doğru;1.0;;3;False;20.07.2026_14.07.27_attempts.csv
20260720_140727;2026-07-20 14:27:33;123;Avere;Türkçe;Sahip olmak;avere;True;correct;Doğru;1.0;;1;True;20.07.2026_14.07.27_attempts.csv
20260720_140727;2026-07-20 14:27:37;124;Ciao;Türkçe;Merhaba;benvenuto;False;confused_with_another_word;Başka kelimeyle karıştırma;0.154;Benvenuto;1;False;20.07.2026_14.07.27_attempts.csv
20260720_140727;2026-07-20 14:27:48;125;Volere;Türkçe;İstemek;volere;True;correct;Doğru;1.0;;2;False;20.07.2026_14.07.27_attempts.csv
20260720_140727;2026-07-20 14:27:53;126;Ciao;Türkçe;Merhaba;ciao;True;correct;Doğru;1.0;;2;False;20.07.2026_14.07.27_attempts.csv
20260720_140727;2026-07-20 14:28:01;127;Mezzo di trasporto;İngilizce;Transportation;mezzo di trasporto;True;correct;Doğru;1.0;;2;False;20.07.2026_14.07.27_attempts.csv
20260720_140727;2026-07-20 14:28:06;128;Benvenuto;Türkçe;Hoş geldin;benvenuto;True;correct;Doğru;1.0;;1;True;20.07.2026_14.07.27_attempts.csv
20260720_140727;2026-07-20 14:28:10;129;Oggi;Türkçe;Bugün;oggi;True;correct;Doğru;1.0;;1;True;20.07.2026_14.07.27_attempts.csv
20260720_142921;2026-07-20 14:29:32;1;Sogno;İngilizce;Dream;sogno;True;correct;Doğru;1.0;;1;True;20.07.2026_14.29.21_attempts.csv
20260720_142921;2026-07-20 14:29:37;2;Dormire;Türkçe;Uyumak;dormire;True;correct;Doğru;1.0;;1;True;20.07.2026_14.29.21_attempts.csv
20260720_142921;2026-07-20 14:29:42;3;Durante;Türkçe;Sırasında / Boyunca;durante;True;correct;Doğru;1.0;;1;True;20.07.2026_14.29.21_attempts.csv
20260720_142921;2026-07-20 14:30:05;4;Trovare;İngilizce;To find;trovare;True;correct;Doğru;1.0;;1;True;20.07.2026_14.29.21_attempts.csv
20260720_142921;2026-07-20 14:30:12;5;Pensare;Türkçe;Düşünmek;pensare;True;correct;Doğru;1.0;;1;True;20.07.2026_14.29.21_attempts.csv
20260720_142921;2026-07-20 14:30:17;6;Portare;İngilizce;To bring / To carry / To take;portare;True;correct;Doğru;1.0;;1;True;20.07.2026_14.29.21_attempts.csv
20260720_142921;2026-07-20 14:30:25;7;Trovare;Türkçe;Bulmak;trovare;True;correct;Doğru;1.0;;1;True;20.07.2026_14.29.21_attempts.csv
20260720_142921;2026-07-20 14:30:29;8;Bisogno;İngilizce;Need;bisogno;True;correct;Doğru;1.0;;1;True;20.07.2026_14.29.21_attempts.csv
20260720_142921;2026-07-20 14:30:32;9;Corso;İngilizce;Course / Class;corso;True;correct;Doğru;1.0;;1;True;20.07.2026_14.29.21_attempts.csv
20260720_142921;2026-07-20 14:30:36;10;Portare;Türkçe;Getirmek / Taşımak / Götürmek;portare;True;correct;Doğru;1.0;;1;True;20.07.2026_14.29.21_attempts.csv
20260720_142921;2026-07-20 14:30:39;11;Strada;Türkçe;Yol / Cadde / Sokak;strada;True;correct;Doğru;1.0;;1;True;20.07.2026_14.29.21_attempts.csv
20260720_142921;2026-07-20 14:30:42;12;Sogno;Türkçe;Hayal;sogno;True;correct;Doğru;1.0;;1;True;20.07.2026_14.29.21_attempts.csv
20260720_142921;2026-07-20 14:30:47;13;Bisogno;Türkçe;İhtiyaç;bisogno;True;correct;Doğru;1.0;;1;True;20.07.2026_14.29.21_attempts.csv
20260720_142921;2026-07-20 14:30:51;14;Pensare;İngilizce;To think;pensare;True;correct;Doğru;1.0;;1;True;20.07.2026_14.29.21_attempts.csv
20260720_142921;2026-07-20 14:30:55;15;Presente;İngilizce;Present / Current;presente;True;correct;Doğru;1.0;;1;True;20.07.2026_14.29.21_attempts.csv
20260720_142921;2026-07-20 14:30:58;16;Altro;İngilizce;Other / Another / More;altro;True;correct;Doğru;1.0;;1;True;20.07.2026_14.29.21_attempts.csv
20260720_142921;2026-07-20 14:31:01;17;Strada;İngilizce;Road / Street / Way;strada;True;correct;Doğru;1.0;;1;True;20.07.2026_14.29.21_attempts.csv
20260720_142921;2026-07-20 14:31:04;18;Dormire;İngilizce;To sleep;dormire;True;correct;Doğru;1.0;;1;True;20.07.2026_14.29.21_attempts.csv
20260720_142921;2026-07-20 14:31:07;19;Durante;İngilizce;During;durante;True;correct;Doğru;1.0;;1;True;20.07.2026_14.29.21_attempts.csv
20260720_142921;2026-07-20 14:31:12;20;Presente;Türkçe;Mevcut / Şimdiki / Hazır bulunan;presente;True;correct;Doğru;1.0;;1;True;20.07.2026_14.29.21_attempts.csv
20260720_142921;2026-07-20 14:31:15;21;Corso;Türkçe;Kurs / Ders;corso;True;correct;Doğru;1.0;;1;True;20.07.2026_14.29.21_attempts.csv
20260720_142921;2026-07-20 14:31:18;22;Altro;Türkçe;Başka / Diğer / Bir tane daha;altro;True;correct;Doğru;1.0;;1;True;20.07.2026_14.29.21_attempts.csv
20260721_050552;2026-07-21 05:05:59;1;Potere;İngilizce;Can/ to be able to;potere;True;correct;Doğru;1.0;;1;True;21.07.2026_05.05.52_attempts.csv
20260721_050552;2026-07-21 05:06:03;2;Vorrei;İngilizce;I’d like;vorrei;True;correct;Doğru;1.0;;1;True;21.07.2026_05.05.52_attempts.csv
20260721_050552;2026-07-21 05:06:07;3;Volere;İngilizce;To want;volere;True;correct;Doğru;1.0;;1;True;21.07.2026_05.05.52_attempts.csv
20260721_050552;2026-07-21 05:06:11;4;Tempo;İngilizce;Time;tempo;True;correct;Doğru;1.0;;1;True;21.07.2026_05.05.52_attempts.csv
20260721_050552;2026-07-21 05:06:16;5;Settimana;Türkçe;Hafta;settimana;True;correct;Doğru;1.0;;1;True;21.07.2026_05.05.52_attempts.csv
20260721_050552;2026-07-21 05:06:19;6;Domani;Türkçe;Yarın;domani;True;correct;Doğru;1.0;;1;True;21.07.2026_05.05.52_attempts.csv
20260721_050552;2026-07-21 05:06:23;7;Fare;İngilizce;To do/ to make;fare;True;correct;Doğru;1.0;;1;True;21.07.2026_05.05.52_attempts.csv
20260721_050552;2026-07-21 05:06:27;8;Strada;Türkçe;Yol / Cadde / Sokak;strada;True;correct;Doğru;1.0;;1;True;21.07.2026_05.05.52_attempts.csv
20260721_050552;2026-07-21 05:06:35;9;A Domani;İngilizce;See you tomorrow;A Domani;True;correct;Doğru;1.0;;1;True;21.07.2026_05.05.52_attempts.csv
20260721_050552;2026-07-21 05:06:42;10;Strada;İngilizce;Road / Street / Way;strada;True;correct;Doğru;1.0;;1;True;21.07.2026_05.05.52_attempts.csv
20260721_050552;2026-07-21 05:06:47;11;Altro;İngilizce;Other / Another / More;altro;True;correct;Doğru;1.0;;1;True;21.07.2026_05.05.52_attempts.csv
20260721_050552;2026-07-21 05:06:50;12;Avere;İngilizce;To have;avere;True;correct;Doğru;1.0;;1;True;21.07.2026_05.05.52_attempts.csv
20260721_050552;2026-07-21 05:06:56;13;Fine Settimana;Türkçe;Hafta sonu;fine settimana;True;correct;Doğru;1.0;;1;True;21.07.2026_05.05.52_attempts.csv
20260721_050552;2026-07-21 05:07:00;14;Cortese;İngilizce;Polite/ Courteous;cortese;True;correct;Doğru;1.0;;1;True;21.07.2026_05.05.52_attempts.csv
20260721_050552;2026-07-21 05:07:10;15;Tra/Fra due anni;Türkçe;İki yıl sonra;Tra/Fra anni fa;False;spelling_error;Yazım hatası;0.774;;1;False;21.07.2026_05.05.52_attempts.csv
20260721_050552;2026-07-21 05:07:28;16;Settimana;İngilizce;Week;settimana;True;correct;Doğru;1.0;;1;True;21.07.2026_05.05.52_attempts.csv
20260721_050552;2026-07-21 05:07:32;17;Sapere;Türkçe;Bilmek;sapere;True;correct;Doğru;1.0;;1;True;21.07.2026_05.05.52_attempts.csv
20260721_050552;2026-07-21 05:07:37;18;Presente;İngilizce;Present / Current;presente;True;correct;Doğru;1.0;;1;True;21.07.2026_05.05.52_attempts.csv
20260721_050552;2026-07-21 05:07:41;19;Cambiare;Türkçe;Değiştirmek / Değişmek;cambiare;True;correct;Doğru;1.0;;1;True;21.07.2026_05.05.52_attempts.csv
20260721_050552;2026-07-21 05:07:46;20;Due anni fa;Türkçe;İki yıl önce;due anni fa;True;correct;Doğru;1.0;;1;True;21.07.2026_05.05.52_attempts.csv
20260721_050552;2026-07-21 05:07:52;21;Corso;Türkçe;Kurs / Ders;corso;True;correct;Doğru;1.0;;1;True;21.07.2026_05.05.52_attempts.csv
20260721_050552;2026-07-21 05:07:56;22;Anno;Türkçe;Yıl;anno;True;correct;Doğru;1.0;;1;True;21.07.2026_05.05.52_attempts.csv
20260721_050552;2026-07-21 05:08:02;23;Senza;İngilizce;Without;senza;True;correct;Doğru;1.0;;1;True;21.07.2026_05.05.52_attempts.csv
20260721_050552;2026-07-21 05:08:08;24;Prima;Türkçe;Önce/Daha önce;prima;True;correct;Doğru;1.0;;1;True;21.07.2026_05.05.52_attempts.csv
20260721_050552;2026-07-21 05:08:11;25;Facile;İngilizce;Easy;facile;True;correct;Doğru;1.0;;1;True;21.07.2026_05.05.52_attempts.csv
20260721_050552;2026-07-21 05:08:16;26;Dopo;Türkçe;Sonra;dopo;True;correct;Doğru;1.0;;1;True;21.07.2026_05.05.52_attempts.csv
20260721_050552;2026-07-21 05:08:21;27;Dovere;İngilizce;Must/ to have to;dovere;True;correct;Doğru;1.0;;1;True;21.07.2026_05.05.52_attempts.csv
20260721_050552;2026-07-21 05:08:24;28;Domani;İngilizce;Tomorrow;domani;True;correct;Doğru;1.0;;1;True;21.07.2026_05.05.52_attempts.csv
20260721_050552;2026-07-21 05:08:27;29;Adesso;İngilizce;Now;adesso;True;correct;Doğru;1.0;;1;True;21.07.2026_05.05.52_attempts.csv
20260721_050552;2026-07-21 05:08:31;30;Essere;İngilizce;To be;essere;True;correct;Doğru;1.0;;1;True;21.07.2026_05.05.52_attempts.csv
20260721_050552;2026-07-21 05:08:35;31;Essere;Türkçe;Olmak;essere;True;correct;Doğru;1.0;;1;True;21.07.2026_05.05.52_attempts.csv
20260721_050552;2026-07-21 05:08:40;32;Altro;Türkçe;Başka / Diğer / Bir tane daha;altro;True;correct;Doğru;1.0;;1;True;21.07.2026_05.05.52_attempts.csv
20260721_050552;2026-07-21 05:08:44;33;Giorno;İngilizce;Day;giorno;True;correct;Doğru;1.0;;1;True;21.07.2026_05.05.52_attempts.csv
20260721_050552;2026-07-21 05:08:48;34;Diverso;Türkçe;Farklı/Çeşitli;diverso;True;correct;Doğru;1.0;;1;True;21.07.2026_05.05.52_attempts.csv
20260721_050552;2026-07-21 05:08:54;35;Benvenuto;İngilizce;Welcome;benvenuto;True;correct;Doğru;1.0;;1;True;21.07.2026_05.05.52_attempts.csv
20260721_050552;2026-07-21 05:09:02;36;Difficile;İngilizce;Difficult/Hard;difficile;True;correct;Doğru;1.0;;1;True;21.07.2026_05.05.52_attempts.csv
20260721_050552;2026-07-21 05:09:06;37;Vorrei;Türkçe;İsterdim / istiyorum;vorrei;True;correct;Doğru;1.0;;1;True;21.07.2026_05.05.52_attempts.csv
20260721_050552;2026-07-21 05:09:13;38;Difficile;Türkçe;Zor;difficile;True;correct;Doğru;1.0;;1;True;21.07.2026_05.05.52_attempts.csv
20260721_050552;2026-07-21 05:09:17;39;Cortese;Türkçe;Kibar/Nazik;cortese;True;correct;Doğru;1.0;;1;True;21.07.2026_05.05.52_attempts.csv
20260721_050552;2026-07-21 05:09:21;40;Ieri;Türkçe;Dün;ieri;True;correct;Doğru;1.0;;1;True;21.07.2026_05.05.52_attempts.csv
20260721_050552;2026-07-21 05:09:25;41;Giorno;Türkçe;Gün;giorno;True;correct;Doğru;1.0;;1;True;21.07.2026_05.05.52_attempts.csv
20260721_050552;2026-07-21 05:09:29;42;Tempo;Türkçe;Zaman;tempo;True;correct;Doğru;1.0;;1;True;21.07.2026_05.05.52_attempts.csv
20260721_050552;2026-07-21 05:09:39;43;Mezzo di trasporto;İngilizce;Transportation;mezzo di trasporta;False;spelling_error;Yazım hatası;0.944;;1;False;21.07.2026_05.05.52_attempts.csv
20260721_050552;2026-07-21 05:09:53;44;A Domani;Türkçe;Yarın Görüşürüz;A Domani;True;correct;Doğru;1.0;;1;True;21.07.2026_05.05.52_attempts.csv
20260721_050552;2026-07-21 05:09:58;45;Prima;İngilizce;Before/Earlier;prima;True;correct;Doğru;1.0;;1;True;21.07.2026_05.05.52_attempts.csv
20260721_050552;2026-07-21 05:10:02;46;Fare;Türkçe;Yapmak;fare;True;correct;Doğru;1.0;;1;True;21.07.2026_05.05.52_attempts.csv
20260721_050552;2026-07-21 05:10:05;47;Dopo;İngilizce;After/Later;dopo;True;correct;Doğru;1.0;;1;True;21.07.2026_05.05.52_attempts.csv
20260721_050552;2026-07-21 05:10:12;48;Oggi;Türkçe;Bugün;oggi;True;correct;Doğru;1.0;;1;True;21.07.2026_05.05.52_attempts.csv
20260721_050552;2026-07-21 05:10:42;49;Tra/Fra due anni;İngilizce;In two years;Fra/Tra due anni;False;spelling_error;Yazım hatası;0.875;;1;False;21.07.2026_05.05.52_attempts.csv
20260721_050552;2026-07-21 05:10:57;50;Portare;Türkçe;Getirmek / Taşımak / Götürmek;portare;True;correct;Doğru;1.0;;1;True;21.07.2026_05.05.52_attempts.csv
20260721_050552;2026-07-21 05:11:02;51;Ricevere;İngilizce;To recieve;ricevere;True;correct;Doğru;1.0;;1;True;21.07.2026_05.05.52_attempts.csv
20260721_050552;2026-07-21 05:11:08;52;Assenza;İngilizce;Absence;assenza;True;correct;Doğru;1.0;;1;True;21.07.2026_05.05.52_attempts.csv
20260721_050552;2026-07-21 05:11:11;53;Senza;Türkçe;-Sız/ -siz;senza;True;correct;Doğru;1.0;;1;True;21.07.2026_05.05.52_attempts.csv
20260721_050552;2026-07-21 05:11:16;54;Bisogno;Türkçe;İhtiyaç;bisogno;True;correct;Doğru;1.0;;1;True;21.07.2026_05.05.52_attempts.csv
20260721_050552;2026-07-21 05:11:20;55;Trovare;İngilizce;To find;trovare;True;correct;Doğru;1.0;;1;True;21.07.2026_05.05.52_attempts.csv
20260721_050552;2026-07-21 05:11:31;56;Qualcosa;Türkçe;Bir şey;qualcosa;True;correct;Doğru;1.0;;1;True;21.07.2026_05.05.52_attempts.csv
20260721_050552;2026-07-21 05:11:34;57;Vita;Türkçe;Hayat;vita;True;correct;Doğru;1.0;;1;True;21.07.2026_05.05.52_attempts.csv
20260721_050552;2026-07-21 05:11:38;58;Ieri;İngilizce;Yesterday;ieri;True;correct;Doğru;1.0;;1;True;21.07.2026_05.05.52_attempts.csv
20260721_050552;2026-07-21 05:11:44;59;Vivere;İngilizce;To live;vivere;True;correct;Doğru;1.0;;1;True;21.07.2026_05.05.52_attempts.csv
20260721_050552;2026-07-21 05:11:50;60;Indicare;Türkçe;Göstermek / Belirtmek;indicare;True;correct;Doğru;1.0;;1;True;21.07.2026_05.05.52_attempts.csv
20260721_050552;2026-07-21 05:11:54;61;Ciao;İngilizce;hi;ciao;True;correct;Doğru;1.0;;1;True;21.07.2026_05.05.52_attempts.csv
20260721_050552;2026-07-21 05:11:57;62;Rendere;İngilizce;To make/To render;rendere;True;correct;Doğru;1.0;;1;True;21.07.2026_05.05.52_attempts.csv
20260721_050552;2026-07-21 05:12:22;63;Dovere;Türkçe;Zorunda olmak;dovere;True;correct;Doğru;1.0;;1;True;21.07.2026_05.05.52_attempts.csv
20260721_050552;2026-07-21 05:12:54;64;Diverso;İngilizce;Different/various;diverso;True;correct;Doğru;1.0;;1;True;21.07.2026_05.05.52_attempts.csv
20260721_050552;2026-07-21 05:12:57;65;Mese;Türkçe;Ay;mese;True;correct;Doğru;1.0;;1;True;21.07.2026_05.05.52_attempts.csv
20260721_050552;2026-07-21 05:13:21;66;Presente;Türkçe;Mevcut / Şimdiki / Hazır bulunan;presente;True;correct;Doğru;1.0;;1;True;21.07.2026_05.05.52_attempts.csv
20260721_050552;2026-07-21 05:13:25;67;Corso;İngilizce;Course / Class;corso;True;correct;Doğru;1.0;;1;True;21.07.2026_05.05.52_attempts.csv
20260721_050552;2026-07-21 05:13:32;68;Mezzo di trasporto;Türkçe;Ulaşım Aracı;mezzo di trasporto;True;correct;Doğru;1.0;;1;True;21.07.2026_05.05.52_attempts.csv
20260721_050552;2026-07-21 05:13:41;69;Sbagliato;Türkçe;Yanlış / Hatalı;sbagliato;True;correct;Doğru;1.0;;1;True;21.07.2026_05.05.52_attempts.csv
20260721_050552;2026-07-21 05:13:45;70;Ciao;Türkçe;Merhaba;ciao;True;correct;Doğru;1.0;;1;True;21.07.2026_05.05.52_attempts.csv
20260721_050552;2026-07-21 05:13:52;71;Sogno;Türkçe;Hayal;sogno;True;correct;Doğru;1.0;;1;True;21.07.2026_05.05.52_attempts.csv
20260721_050552;2026-07-21 05:13:58;72;Oggi;İngilizce;Today;oggi;True;correct;Doğru;1.0;;1;True;21.07.2026_05.05.52_attempts.csv
20260721_050552;2026-07-21 05:14:03;73;Ricevere;Türkçe;Almak/ Teslim almak;ricevere;True;correct;Doğru;1.0;;1;True;21.07.2026_05.05.52_attempts.csv
20260721_050552;2026-07-21 05:14:06;74;Sapere;İngilizce;To know;sapere;True;correct;Doğru;1.0;;1;True;21.07.2026_05.05.52_attempts.csv
20260721_050552;2026-07-21 05:14:15;75;Iniziare;Türkçe;Başlamak;iniziare;True;correct;Doğru;1.0;;1;True;21.07.2026_05.05.52_attempts.csv
20260721_050552;2026-07-21 05:14:22;76;Fine Settimana;İngilizce;Weekend;fine settimana;True;correct;Doğru;1.0;;1;True;21.07.2026_05.05.52_attempts.csv
20260721_050552;2026-07-21 05:14:28;77;Vivere;Türkçe;Yaşamak;vivere;True;correct;Doğru;1.0;;1;True;21.07.2026_05.05.52_attempts.csv
20260721_050552;2026-07-21 05:14:44;78;Tra/Fra due anni;İngilizce;In two years;Fra/Tra due anni;False;spelling_error;Yazım hatası;0.875;;2;False;21.07.2026_05.05.52_attempts.csv
20260721_050552;2026-07-21 05:14:52;79;Andare;Türkçe;Gitmek;andare;True;correct;Doğru;1.0;;1;True;21.07.2026_05.05.52_attempts.csv
20260721_050552;2026-07-21 05:14:58;80;Felice;İngilizce;Happy;felice;True;correct;Doğru;1.0;;1;True;21.07.2026_05.05.52_attempts.csv
20260721_050552;2026-07-21 05:15:08;81;Tra/Fra due anni;İngilizce;In two years;Tra/Fra due anni;True;correct;Doğru;1.0;;3;False;21.07.2026_05.05.52_attempts.csv
20260721_050552;2026-07-21 05:15:13;82;Azione;İngilizce;Action;azione;True;correct;Doğru;1.0;;1;True;21.07.2026_05.05.52_attempts.csv
20260721_050552;2026-07-21 05:15:17;83;Qualcosa;İngilizce;Something;qualcosa;True;correct;Doğru;1.0;;1;True;21.07.2026_05.05.52_attempts.csv
20260721_050552;2026-07-21 05:15:21;84;Prendere;Türkçe;Almak/Binmek;prendere;True;correct;Doğru;1.0;;1;True;21.07.2026_05.05.52_attempts.csv
20260721_050552;2026-07-21 05:15:26;85;Adesso;Türkçe;Şimdi;adesso;True;correct;Doğru;1.0;;1;True;21.07.2026_05.05.52_attempts.csv
20260721_050552;2026-07-21 05:15:29;86;Felice;Türkçe;Mutlu;felice;True;correct;Doğru;1.0;;1;True;21.07.2026_05.05.52_attempts.csv
20260721_050552;2026-07-21 05:15:34;87;Rendere;Türkçe;Hale getirmek;rendere;True;correct;Doğru;1.0;;1;True;21.07.2026_05.05.52_attempts.csv
20260721_050552;2026-07-21 05:15:39;88;Durante;Türkçe;Sırasında / Boyunca;durante;True;correct;Doğru;1.0;;1;True;21.07.2026_05.05.52_attempts.csv
20260721_050552;2026-07-21 05:15:42;89;Parlare;Türkçe;Konuşmak;parlare;True;correct;Doğru;1.0;;1;True;21.07.2026_05.05.52_attempts.csv
20260721_050552;2026-07-21 05:15:44;90;Durante;İngilizce;During;durante;True;correct;Doğru;1.0;;1;True;21.07.2026_05.05.52_attempts.csv
20260721_050552;2026-07-21 05:15:47;91;Andare;İngilizce;To go;andare;True;correct;Doğru;1.0;;1;True;21.07.2026_05.05.52_attempts.csv
20260721_050552;2026-07-21 05:15:54;92;Assenza;Türkçe;Yokluk / Bulunmama;assenza;True;correct;Doğru;1.0;;1;True;21.07.2026_05.05.52_attempts.csv
20260721_050552;2026-07-21 05:15:58;93;Dormire;İngilizce;To sleep;dormire;True;correct;Doğru;1.0;;1;True;21.07.2026_05.05.52_attempts.csv
20260721_050552;2026-07-21 05:16:02;94;Pensare;İngilizce;To think;pensare;True;correct;Doğru;1.0;;1;True;21.07.2026_05.05.52_attempts.csv
20260721_050552;2026-07-21 05:16:05;95;Avere;Türkçe;Sahip olmak;avere;True;correct;Doğru;1.0;;1;True;21.07.2026_05.05.52_attempts.csv
20260721_050552;2026-07-21 05:16:11;96;Benvenuto;Türkçe;Hoş geldin;benvenuto;True;correct;Doğru;1.0;;1;True;21.07.2026_05.05.52_attempts.csv
20260721_050552;2026-07-21 05:16:15;97;Volere;Türkçe;İstemek;volere;True;correct;Doğru;1.0;;1;True;21.07.2026_05.05.52_attempts.csv
20260721_050552;2026-07-21 05:16:21;98;Prendere;İngilizce;To take/to get;prendere;True;correct;Doğru;1.0;;1;True;21.07.2026_05.05.52_attempts.csv
20260721_050552;2026-07-21 05:16:25;99;Sogno;İngilizce;Dream;sogno;True;correct;Doğru;1.0;;1;True;21.07.2026_05.05.52_attempts.csv
20260721_050552;2026-07-21 05:16:32;100;Portare;İngilizce;To bring / To carry / To take;portare;True;correct;Doğru;1.0;;1;True;21.07.2026_05.05.52_attempts.csv
20260721_050552;2026-07-21 05:16:38;101;Mezzo di trasporto;İngilizce;Transportation;mezzo di trasporto;True;correct;Doğru;1.0;;2;False;21.07.2026_05.05.52_attempts.csv
20260721_050552;2026-07-21 05:16:41;102;Parlare;İngilizce;To speak;parlare;True;correct;Doğru;1.0;;1;True;21.07.2026_05.05.52_attempts.csv
20260721_050552;2026-07-21 05:16:49;103;Tra/Fra due anni;Türkçe;İki yıl sonra;Tra/Fra due anni;True;correct;Doğru;1.0;;2;False;21.07.2026_05.05.52_attempts.csv
20260721_050552;2026-07-21 05:16:54;104;Trovare;Türkçe;Bulmak;trovare;True;correct;Doğru;1.0;;1;True;21.07.2026_05.05.52_attempts.csv
20260721_050552;2026-07-21 05:16:58;105;Iniziare;İngilizce;To start/to begin;iniziare;True;correct;Doğru;1.0;;1;True;21.07.2026_05.05.52_attempts.csv
20260721_050552;2026-07-21 05:17:02;106;Mese;İngilizce;Month;mese;True;correct;Doğru;1.0;;1;True;21.07.2026_05.05.52_attempts.csv
20260721_050552;2026-07-21 05:17:16;107;Indicare;İngilizce;To indicate / To point out;indicare;True;correct;Doğru;1.0;;1;True;21.07.2026_05.05.52_attempts.csv
20260721_050552;2026-07-21 05:17:20;108;Azione;Türkçe;Aksiyon;azione;True;correct;Doğru;1.0;;1;True;21.07.2026_05.05.52_attempts.csv
20260721_050552;2026-07-21 05:17:28;109;Due anni fa;İngilizce;Two years ago;due anni fa;True;correct;Doğru;1.0;;1;True;21.07.2026_05.05.52_attempts.csv
20260721_050552;2026-07-21 05:18:17;110;Facile;Türkçe;Kolay;facile;True;correct;Doğru;1.0;;1;True;21.07.2026_05.05.52_attempts.csv
20260721_050552;2026-07-21 05:18:21;111;Potere;Türkçe;Yapabilmek;potere;True;correct;Doğru;1.0;;1;True;21.07.2026_05.05.52_attempts.csv
20260721_050552;2026-07-21 05:18:25;112;Cambiare;İngilizce;To change;cambiare;True;correct;Doğru;1.0;;1;True;21.07.2026_05.05.52_attempts.csv
20260721_050552;2026-07-21 05:18:38;113;Bisogno;İngilizce;Need;bisogno;True;correct;Doğru;1.0;;1;True;21.07.2026_05.05.52_attempts.csv
20260721_050552;2026-07-21 05:18:48;114;Anno;İngilizce;Year;anno;True;correct;Doğru;1.0;;1;True;21.07.2026_05.05.52_attempts.csv
20260721_050552;2026-07-21 05:18:54;115;Sbagliato;İngilizce;Wrong/Incorrect;sbagliato;True;correct;Doğru;1.0;;1;True;21.07.2026_05.05.52_attempts.csv
20260721_050552;2026-07-21 05:18:57;116;Vita;İngilizce;Life;vita;True;correct;Doğru;1.0;;1;True;21.07.2026_05.05.52_attempts.csv
20260721_050552;2026-07-21 05:19:01;117;Pensare;Türkçe;Düşünmek;pensaree;False;spelling_error;Yazım hatası;0.933;;1;False;21.07.2026_05.05.52_attempts.csv
20260721_050552;2026-07-21 05:19:05;118;Dormire;Türkçe;Uyumak;dormire;True;correct;Doğru;1.0;;1;True;21.07.2026_05.05.52_attempts.csv
20260721_050552;2026-07-21 05:19:10;119;Pensare;Türkçe;Düşünmek;pensare;True;correct;Doğru;1.0;;2;False;21.07.2026_05.05.52_attempts.csv
20260722_023818;2026-07-22 02:38:29;1;Fare;Türkçe;Yapmak;fare;True;correct;Doğru;1.0;;1;True;22.07.2026_02.38.18_attempts.csv
20260722_023818;2026-07-22 02:38:34;2;Volere;Türkçe;İstemek;volere;True;correct;Doğru;1.0;;1;True;22.07.2026_02.38.18_attempts.csv
20260722_023818;2026-07-22 02:38:39;3;Difficile;İngilizce;Difficult/Hard;difficile;True;correct;Doğru;1.0;;1;True;22.07.2026_02.38.18_attempts.csv
20260722_023818;2026-07-22 02:38:41;4;Ieri;Türkçe;Dün;ieri;True;correct;Doğru;1.0;;1;True;22.07.2026_02.38.18_attempts.csv
20260722_023818;2026-07-22 02:38:45;5;Andare;İngilizce;To go;andare;True;correct;Doğru;1.0;;1;True;22.07.2026_02.38.18_attempts.csv
20260722_023818;2026-07-22 02:38:54;6;Fine Settimana;İngilizce;Weekend;fine settimana;True;correct;Doğru;1.0;;1;True;22.07.2026_02.38.18_attempts.csv
20260722_023818;2026-07-22 02:38:58;7;Vivere;İngilizce;To live;vivere;True;correct;Doğru;1.0;;1;True;22.07.2026_02.38.18_attempts.csv
20260722_023818;2026-07-22 02:39:02;8;Dopo;İngilizce;After/Later;dopo;True;correct;Doğru;1.0;;1;True;22.07.2026_02.38.18_attempts.csv
20260722_023818;2026-07-22 02:39:15;9;Tra/Fra due anni;Türkçe;İki yıl sonra;Tra/Fra due anni;True;correct;Doğru;1.0;;1;True;22.07.2026_02.38.18_attempts.csv
20260722_023818;2026-07-22 02:39:21;10;Portare;İngilizce;To bring / To carry / To take;portare;True;correct;Doğru;1.0;;1;True;22.07.2026_02.38.18_attempts.csv
20260722_023818;2026-07-22 02:39:24;11;Strada;İngilizce;Road / Street / Way;strada;True;correct;Doğru;1.0;;1;True;22.07.2026_02.38.18_attempts.csv
20260722_023818;2026-07-22 02:39:28;12;Iniziare;İngilizce;To start/to begin;iniziare;True;correct;Doğru;1.0;;1;True;22.07.2026_02.38.18_attempts.csv
20260722_023818;2026-07-22 02:39:32;13;Senza;Türkçe;-Sız/ -siz;senza;True;correct;Doğru;1.0;;1;True;22.07.2026_02.38.18_attempts.csv
20260722_023818;2026-07-22 02:39:35;14;Essere;İngilizce;To be;essere;True;correct;Doğru;1.0;;1;True;22.07.2026_02.38.18_attempts.csv
20260722_023818;2026-07-22 02:39:40;15;Altro;İngilizce;Other / Another / More;altro;True;correct;Doğru;1.0;;1;True;22.07.2026_02.38.18_attempts.csv
20260722_023818;2026-07-22 02:39:43;16;Vorrei;Türkçe;İsterdim / istiyorum;vorrei;True;correct;Doğru;1.0;;1;True;22.07.2026_02.38.18_attempts.csv
20260722_023818;2026-07-22 02:39:46;17;Corso;Türkçe;Kurs / Ders;corso;True;correct;Doğru;1.0;;1;True;22.07.2026_02.38.18_attempts.csv
20260722_023818;2026-07-22 02:39:50;18;Cortese;Türkçe;Kibar/Nazik;cortese;True;correct;Doğru;1.0;;1;True;22.07.2026_02.38.18_attempts.csv
20260722_023818;2026-07-22 02:39:53;19;Avere;Türkçe;Sahip olmak;avere;True;correct;Doğru;1.0;;1;True;22.07.2026_02.38.18_attempts.csv
20260722_023818;2026-07-22 02:40:00;20;Ricevere;Türkçe;Almak/ Teslim almak;ricevere;True;correct;Doğru;1.0;;1;True;22.07.2026_02.38.18_attempts.csv
20260722_023818;2026-07-22 02:40:04;21;Trovare;İngilizce;To find;trovare;True;correct;Doğru;1.0;;1;True;22.07.2026_02.38.18_attempts.csv
20260722_023818;2026-07-22 02:40:12;22;Bisogno;Türkçe;İhtiyaç;bisogno;True;correct;Doğru;1.0;;1;True;22.07.2026_02.38.18_attempts.csv
20260722_023818;2026-07-22 02:40:15;23;Anno;Türkçe;Yıl;anno;True;correct;Doğru;1.0;;1;True;22.07.2026_02.38.18_attempts.csv
20260722_023818;2026-07-22 02:40:19;24;Adesso;İngilizce;Now;adesso;True;correct;Doğru;1.0;;1;True;22.07.2026_02.38.18_attempts.csv
20260722_023818;2026-07-22 02:41:36;25;Tempo;İngilizce;Time;tempo;True;correct;Doğru;1.0;;1;True;22.07.2026_02.38.18_attempts.csv
20260722_023818;2026-07-22 02:41:40;26;Andare;Türkçe;Gitmek;andare;True;correct;Doğru;1.0;;1;True;22.07.2026_02.38.18_attempts.csv
20260722_023818;2026-07-22 02:41:44;27;Trovare;Türkçe;Bulmak;trovare;True;correct;Doğru;1.0;;1;True;22.07.2026_02.38.18_attempts.csv
20260722_023818;2026-07-22 02:41:47;28;Felice;Türkçe;Mutlu;felice;True;correct;Doğru;1.0;;1;True;22.07.2026_02.38.18_attempts.csv
20260722_023818;2026-07-22 02:41:50;29;Mese;Türkçe;Ay;mese;True;correct;Doğru;1.0;;1;True;22.07.2026_02.38.18_attempts.csv
20260722_023818;2026-07-22 02:41:53;30;Dopo;Türkçe;Sonra;dopo;True;correct;Doğru;1.0;;1;True;22.07.2026_02.38.18_attempts.csv
20260722_023818;2026-07-22 02:41:57;31;Vivere;Türkçe;Yaşamak;vivere;True;correct;Doğru;1.0;;1;True;22.07.2026_02.38.18_attempts.csv
20260722_023818;2026-07-22 02:42:00;32;Vita;Türkçe;Hayat;vita;True;correct;Doğru;1.0;;1;True;22.07.2026_02.38.18_attempts.csv
20260722_023818;2026-07-22 02:42:06;33;Portare;Türkçe;Getirmek / Taşımak / Götürmek;portare;True;correct;Doğru;1.0;;1;True;22.07.2026_02.38.18_attempts.csv
20260722_023818;2026-07-22 02:42:10;34;Settimana;Türkçe;Hafta;settimana;True;correct;Doğru;1.0;;1;True;22.07.2026_02.38.18_attempts.csv
20260722_023818;2026-07-22 02:42:14;35;Iniziare;Türkçe;Başlamak;iniziare;True;correct;Doğru;1.0;;1;True;22.07.2026_02.38.18_attempts.csv
20260722_023818;2026-07-22 02:42:17;36;Sogno;İngilizce;Dream;sogno;True;correct;Doğru;1.0;;1;True;22.07.2026_02.38.18_attempts.csv
20260722_023818;2026-07-22 02:42:21;37;Felice;İngilizce;Happy;felice;True;correct;Doğru;1.0;;1;True;22.07.2026_02.38.18_attempts.csv
20260722_023818;2026-07-22 02:42:25;38;Anno;İngilizce;Year;anno;True;correct;Doğru;1.0;;1;True;22.07.2026_02.38.18_attempts.csv
20260722_023818;2026-07-22 02:42:29;39;Parlare;Türkçe;Konuşmak;parlare;True;correct;Doğru;1.0;;1;True;22.07.2026_02.38.18_attempts.csv
20260722_023818;2026-07-22 02:42:32;40;Azione;Türkçe;Aksiyon;azione;True;correct;Doğru;1.0;;1;True;22.07.2026_02.38.18_attempts.csv
20260722_023818;2026-07-22 02:42:37;41;Diverso;İngilizce;Different/various;diverso;True;correct;Doğru;1.0;;1;True;22.07.2026_02.38.18_attempts.csv
20260722_023818;2026-07-22 02:42:44;42;Sbagliato;İngilizce;Wrong/Incorrect;sbagliato;True;correct;Doğru;1.0;;1;True;22.07.2026_02.38.18_attempts.csv
20260722_023818;2026-07-22 02:42:51;43;Dormire;Türkçe;Uyumak;dormire;True;correct;Doğru;1.0;;1;True;22.07.2026_02.38.18_attempts.csv
20260722_023818;2026-07-22 02:42:58;44;Prendere;İngilizce;To take/to get;prendere;True;correct;Doğru;1.0;;1;True;22.07.2026_02.38.18_attempts.csv
20260722_023818;2026-07-22 02:43:03;45;Settimana;İngilizce;Week;settimana;True;correct;Doğru;1.0;;1;True;22.07.2026_02.38.18_attempts.csv
20260722_023818;2026-07-22 02:43:09;46;A Domani;Türkçe;Yarın Görüşürüz;A Domani;True;correct;Doğru;1.0;;1;True;22.07.2026_02.38.18_attempts.csv
20260722_023818;2026-07-22 02:43:14;47;Cortese;İngilizce;Polite/ Courteous;cortese;True;correct;Doğru;1.0;;1;True;22.07.2026_02.38.18_attempts.csv
20260722_023818;2026-07-22 02:43:26;48;Potere;Türkçe;Yapabilmek;potare;False;spelling_error;Yazım hatası;0.833;;1;False;22.07.2026_02.38.18_attempts.csv
20260722_023818;2026-07-22 02:43:31;49;Corso;İngilizce;Course / Class;corso;True;correct;Doğru;1.0;;1;True;22.07.2026_02.38.18_attempts.csv
20260722_023818;2026-07-22 02:43:37;50;Potere;Türkçe;Yapabilmek;potere;True;correct;Doğru;1.0;;2;False;22.07.2026_02.38.18_attempts.csv
20260722_023818;2026-07-22 02:43:43;51;Dovere;Türkçe;Zorunda olmak;dovere;True;correct;Doğru;1.0;;1;True;22.07.2026_02.38.18_attempts.csv
20260722_023818;2026-07-22 02:43:46;52;Avere;İngilizce;To have;avere;True;correct;Doğru;1.0;;1;True;22.07.2026_02.38.18_attempts.csv
20260722_023818;2026-07-22 02:44:01;53;Indicare;İngilizce;To indicate / To point out;indicare;True;correct;Doğru;1.0;;1;True;22.07.2026_02.38.18_attempts.csv
20260722_023818;2026-07-22 02:44:06;54;Vorrei;İngilizce;I’d like;vorrei;True;correct;Doğru;1.0;;1;True;22.07.2026_02.38.18_attempts.csv
20260722_023818;2026-07-22 02:44:58;55;Pensare;İngilizce;To think;pensare;True;correct;Doğru;1.0;;1;True;22.07.2026_02.38.18_attempts.csv
20260722_023818;2026-07-22 02:45:02;56;Ricevere;İngilizce;To recieve;ricevere;True;correct;Doğru;1.0;;1;True;22.07.2026_02.38.18_attempts.csv
20260722_023818;2026-07-22 02:45:07;57;Presente;Türkçe;Mevcut / Şimdiki / Hazır bulunan;presente;True;correct;Doğru;1.0;;1;True;22.07.2026_02.38.18_attempts.csv
20260722_023818;2026-07-22 02:45:17;58;Tra/Fra due anni;İngilizce;In two years;Tra/Fra due anni;True;correct;Doğru;1.0;;1;True;22.07.2026_02.38.18_attempts.csv
20260722_023818;2026-07-22 02:45:20;59;Durante;İngilizce;During;durante;True;correct;Doğru;1.0;;1;True;22.07.2026_02.38.18_attempts.csv
20260722_023818;2026-07-22 02:45:25;60;Fine Settimana;Türkçe;Hafta sonu;fine settimana;True;correct;Doğru;1.0;;1;True;22.07.2026_02.38.18_attempts.csv
20260722_023818;2026-07-22 02:45:28;61;Adesso;Türkçe;Şimdi;adesso;True;correct;Doğru;1.0;;1;True;22.07.2026_02.38.18_attempts.csv
20260722_023818;2026-07-22 02:45:31;62;Parlare;İngilizce;To speak;parlare;True;correct;Doğru;1.0;;1;True;22.07.2026_02.38.18_attempts.csv
20260722_023818;2026-07-22 02:45:33;63;Ieri;İngilizce;Yesterday;ieri;True;correct;Doğru;1.0;;1;True;22.07.2026_02.38.18_attempts.csv
20260722_023818;2026-07-22 02:45:38;64;Rendere;Türkçe;Hale getirmek;cambiare;False;confused_with_another_word;Başka kelimeyle karıştırma;0.267;Cambiare;1;False;22.07.2026_02.38.18_attempts.csv
20260722_023818;2026-07-22 02:45:45;65;Mese;İngilizce;Month;mese;True;correct;Doğru;1.0;;1;True;22.07.2026_02.38.18_attempts.csv
20260722_023818;2026-07-22 02:45:49;66;Altro;Türkçe;Başka / Diğer / Bir tane daha;altro;True;correct;Doğru;1.0;;1;True;22.07.2026_02.38.18_attempts.csv
20260722_023818;2026-07-22 02:45:57;67;Cambiare;İngilizce;To change;cambiare;True;correct;Doğru;1.0;;1;True;22.07.2026_02.38.18_attempts.csv
20260722_023818;2026-07-22 02:46:06;68;Mezzo di trasporto;Türkçe;Ulaşım Aracı;mezzo di trasporto;True;correct;Doğru;1.0;;1;True;22.07.2026_02.38.18_attempts.csv
20260722_023818;2026-07-22 02:46:12;69;Due anni fa;Türkçe;İki yıl önce;due anni fa;True;correct;Doğru;1.0;;1;True;22.07.2026_02.38.18_attempts.csv
20260722_023818;2026-07-22 02:46:15;70;Giorno;Türkçe;Gün;giorno;True;correct;Doğru;1.0;;1;True;22.07.2026_02.38.18_attempts.csv
20260722_023818;2026-07-22 02:46:21;71;Oggi;İngilizce;Today;giorni;False;unknown_or_semantic_error;Bilinmeyen veya anlamsal hata;0.4;;1;False;22.07.2026_02.38.18_attempts.csv
20260722_023818;2026-07-22 02:46:27;72;Volere;İngilizce;To want;volere;True;correct;Doğru;1.0;;1;True;22.07.2026_02.38.18_attempts.csv
20260722_023818;2026-07-22 02:46:30;73;Ciao;Türkçe;Merhaba;ciao;True;correct;Doğru;1.0;;1;True;22.07.2026_02.38.18_attempts.csv
20260722_023818;2026-07-22 02:46:34;74;Due anni fa;İngilizce;Two years ago;due anni fa;True;correct;Doğru;1.0;;1;True;22.07.2026_02.38.18_attempts.csv
20260722_023818;2026-07-22 02:46:37;75;Domani;Türkçe;Yarın;domani;True;correct;Doğru;1.0;;1;True;22.07.2026_02.38.18_attempts.csv
20260722_023818;2026-07-22 02:46:40;76;Vita;İngilizce;Life;vita;True;correct;Doğru;1.0;;1;True;22.07.2026_02.38.18_attempts.csv
20260722_023818;2026-07-22 02:46:44;77;Sbagliato;Türkçe;Yanlış / Hatalı;sbagliato;True;correct;Doğru;1.0;;1;True;22.07.2026_02.38.18_attempts.csv
20260722_023818;2026-07-22 02:46:47;78;Dovere;İngilizce;Must/ to have to;dovere;True;correct;Doğru;1.0;;1;True;22.07.2026_02.38.18_attempts.csv
20260722_023818;2026-07-22 02:46:50;79;Oggi;İngilizce;Today;oggi;True;correct;Doğru;1.0;;2;False;22.07.2026_02.38.18_attempts.csv
20260722_023818;2026-07-22 02:46:53;80;Facile;İngilizce;Easy;facile;True;correct;Doğru;1.0;;1;True;22.07.2026_02.38.18_attempts.csv
20260722_023818;2026-07-22 02:46:57;81;Strada;Türkçe;Yol / Cadde / Sokak;strada;True;correct;Doğru;1.0;;1;True;22.07.2026_02.38.18_attempts.csv
20260722_023818;2026-07-22 02:47:01;82;Potere;İngilizce;Can/ to be able to;potere;True;correct;Doğru;1.0;;1;True;22.07.2026_02.38.18_attempts.csv
20260722_023818;2026-07-22 02:47:05;83;Azione;İngilizce;Action;azione;True;correct;Doğru;1.0;;1;True;22.07.2026_02.38.18_attempts.csv
20260722_023818;2026-07-22 02:47:08;84;Tempo;Türkçe;Zaman;tempo;True;correct;Doğru;1.0;;1;True;22.07.2026_02.38.18_attempts.csv
20260722_023818;2026-07-22 02:47:14;85;A Domani;İngilizce;See you tomorrow;A Domani;True;correct;Doğru;1.0;;1;True;22.07.2026_02.38.18_attempts.csv
20260722_023818;2026-07-22 02:47:17;86;Ciao;İngilizce;hi;ciao;True;correct;Doğru;1.0;;1;True;22.07.2026_02.38.18_attempts.csv
20260722_023818;2026-07-22 02:47:28;87;Domani;İngilizce;Tomorrow;domani;True;correct;Doğru;1.0;;1;True;22.07.2026_02.38.18_attempts.csv
20260722_023818;2026-07-22 02:47:34;88;Giorno;İngilizce;Day;giorno;True;correct;Doğru;1.0;;1;True;22.07.2026_02.38.18_attempts.csv
20260722_023818;2026-07-22 02:47:40;89;Difficile;Türkçe;Zor;difficile;True;correct;Doğru;1.0;;1;True;22.07.2026_02.38.18_attempts.csv
20260722_023818;2026-07-22 02:47:44;90;Cambiare;Türkçe;Değiştirmek / Değişmek;cambiare;True;correct;Doğru;1.0;;1;True;22.07.2026_02.38.18_attempts.csv
20260722_023818;2026-07-22 02:47:48;91;Assenza;Türkçe;Yokluk / Bulunmama;assenza;True;correct;Doğru;1.0;;1;True;22.07.2026_02.38.18_attempts.csv
20260722_023818;2026-07-22 02:47:52;92;Benvenuto;İngilizce;Welcome;benvenuto;True;correct;Doğru;1.0;;1;True;22.07.2026_02.38.18_attempts.csv
20260722_023818;2026-07-22 02:47:56;93;Prima;Türkçe;Önce/Daha önce;prima;True;correct;Doğru;1.0;;1;True;22.07.2026_02.38.18_attempts.csv
20260722_023818;2026-07-22 02:48:01;94;Dormire;İngilizce;To sleep;dormire;True;correct;Doğru;1.0;;1;True;22.07.2026_02.38.18_attempts.csv
20260722_023818;2026-07-22 02:48:04;95;Senza;İngilizce;Without;senza;True;correct;Doğru;1.0;;1;True;22.07.2026_02.38.18_attempts.csv
20260722_023818;2026-07-22 02:48:07;96;Prendere;Türkçe;Almak/Binmek;prendere;True;correct;Doğru;1.0;;1;True;22.07.2026_02.38.18_attempts.csv
20260722_023818;2026-07-22 02:48:10;97;Sapere;Türkçe;Bilmek;sapere;True;correct;Doğru;1.0;;1;True;22.07.2026_02.38.18_attempts.csv
20260722_023818;2026-07-22 02:48:14;98;Facile;Türkçe;Kolay;facile;True;correct;Doğru;1.0;;1;True;22.07.2026_02.38.18_attempts.csv
20260722_023818;2026-07-22 02:48:17;99;Presente;İngilizce;Present / Current;presente;True;correct;Doğru;1.0;;1;True;22.07.2026_02.38.18_attempts.csv
20260722_023818;2026-07-22 02:48:19;100;Prima;İngilizce;Before/Earlier;prima;True;correct;Doğru;1.0;;1;True;22.07.2026_02.38.18_attempts.csv
20260722_023818;2026-07-22 02:48:24;101;Sogno;Türkçe;Hayal;sogno;True;correct;Doğru;1.0;;1;True;22.07.2026_02.38.18_attempts.csv
20260722_023818;2026-07-22 02:48:27;102;Oggi;Türkçe;Bugün;oggi;True;correct;Doğru;1.0;;1;True;22.07.2026_02.38.18_attempts.csv
20260722_023818;2026-07-22 02:48:30;103;Sapere;İngilizce;To know;sapere;True;correct;Doğru;1.0;;1;True;22.07.2026_02.38.18_attempts.csv
20260722_023818;2026-07-22 02:48:34;104;Qualcosa;Türkçe;Bir şey;qualcosa;True;correct;Doğru;1.0;;1;True;22.07.2026_02.38.18_attempts.csv
20260722_023818;2026-07-22 02:48:37;105;Rendere;İngilizce;To make/To render;rendere;True;correct;Doğru;1.0;;1;True;22.07.2026_02.38.18_attempts.csv
20260722_023818;2026-07-22 02:48:42;106;Assenza;İngilizce;Absence;assenza;True;correct;Doğru;1.0;;1;True;22.07.2026_02.38.18_attempts.csv
20260722_023818;2026-07-22 02:48:50;107;Essere;Türkçe;Olmak;essere;True;correct;Doğru;1.0;;1;True;22.07.2026_02.38.18_attempts.csv
20260722_023818;2026-07-22 02:48:55;108;Durante;Türkçe;Sırasında / Boyunca;durante;True;correct;Doğru;1.0;;1;True;22.07.2026_02.38.18_attempts.csv
20260722_023818;2026-07-22 02:49:00;109;Pensare;Türkçe;Düşünmek;pensare;True;correct;Doğru;1.0;;1;True;22.07.2026_02.38.18_attempts.csv
20260722_023818;2026-07-22 02:49:10;110;Diverso;Türkçe;Farklı/Çeşitli;diverso;True;correct;Doğru;1.0;;1;True;22.07.2026_02.38.18_attempts.csv
20260722_023818;2026-07-22 02:49:14;111;Indicare;Türkçe;Göstermek / Belirtmek;indicare;True;correct;Doğru;1.0;;1;True;22.07.2026_02.38.18_attempts.csv
20260722_023818;2026-07-22 02:49:18;112;Benvenuto;Türkçe;Hoş geldin;benvenuto;True;correct;Doğru;1.0;;1;True;22.07.2026_02.38.18_attempts.csv
20260722_023818;2026-07-22 02:49:23;113;Rendere;Türkçe;Hale getirmek;rendere;True;correct;Doğru;1.0;;2;False;22.07.2026_02.38.18_attempts.csv
20260722_023818;2026-07-22 02:49:26;114;Qualcosa;İngilizce;Something;qualcosa;True;correct;Doğru;1.0;;1;True;22.07.2026_02.38.18_attempts.csv
20260722_023818;2026-07-22 02:49:32;115;Mezzo di trasporto;İngilizce;Transportation;mezzo di trasporto;True;correct;Doğru;1.0;;1;True;22.07.2026_02.38.18_attempts.csv
20260722_023818;2026-07-22 02:49:36;116;Fare;İngilizce;To do/ to make;fare;True;correct;Doğru;1.0;;1;True;22.07.2026_02.38.18_attempts.csv
20260722_023818;2026-07-22 02:49:40;117;Bisogno;İngilizce;Need;bisogno;True;correct;Doğru;1.0;;1;True;22.07.2026_02.38.18_attempts.csv
20260722_050644;2026-07-22 05:06:51;1;Cosi cosi;Türkçe;Şöyle böyle / Eh işte;cosi cosi;True;correct;Doğru;1.0;;1;True;22.07.2026_05.06.44_attempts.csv
20260722_050644;2026-07-22 05:06:59;2;Dormire;İngilizce;To sleep;dormire;True;correct;Doğru;1.0;;1;True;22.07.2026_05.06.44_attempts.csv
20260722_050644;2026-07-22 05:07:03;3;Mano;Türkçe;El;mano;True;correct;Doğru;1.0;;1;True;22.07.2026_05.06.44_attempts.csv
20260722_050644;2026-07-22 05:07:08;4;Chiedere;İngilizce;To ask / To request;chiedere;True;correct;Doğru;1.0;;1;True;22.07.2026_05.06.44_attempts.csv
20260722_050644;2026-07-22 05:07:11;5;Notte;İngilizce;Night;notte;True;correct;Doğru;1.0;;1;True;22.07.2026_05.06.44_attempts.csv
20260722_050644;2026-07-22 05:07:15;6;Mi piace;İngilizce;I like;vorrei;False;confused_with_another_word;Başka kelimeyle karıştırma;0.143;Vorrei;1;False;22.07.2026_05.06.44_attempts.csv
20260722_050644;2026-07-22 05:07:31;7;İl più;Türkçe;En / En Çok;il piu;False;spelling_error;Yazım hatası;0.769;;1;False;22.07.2026_05.06.44_attempts.csv
20260722_050644;2026-07-22 05:07:45;8;Lavorare;Türkçe;Çalışmak;;False;no_recall;Hatırlayamama / boş cevap;0.0;;1;False;22.07.2026_05.06.44_attempts.csv
20260722_050644;2026-07-22 05:07:52;9;Soldi;İngilizce;Money;soldi;True;correct;Doğru;1.0;;1;True;22.07.2026_05.06.44_attempts.csv
20260722_050644;2026-07-22 05:07:57;10;Mi dispiace;Türkçe;Üzgünüm;mi dispiace;True;correct;Doğru;1.0;;1;True;22.07.2026_05.06.44_attempts.csv
20260722_050644;2026-07-22 05:08:01;11;Chiedere;Türkçe;Sormak / Rica etmek;chiedere;True;correct;Doğru;1.0;;1;True;22.07.2026_05.06.44_attempts.csv
20260722_050644;2026-07-22 05:08:07;12;Generalmente;İngilizce;Generally / usually;generalmente;True;correct;Doğru;1.0;;1;True;22.07.2026_05.06.44_attempts.csv
20260722_050644;2026-07-22 05:08:44;13;Allo stesso tempo;İngilizce;At the same time;allo stesso tempo;True;correct;Doğru;1.0;;1;True;22.07.2026_05.06.44_attempts.csv
20260722_050644;2026-07-22 05:08:48;14;Solo;İngilizce;Only / Alone;solo;True;correct;Doğru;1.0;;1;True;22.07.2026_05.06.44_attempts.csv
20260722_050644;2026-07-22 05:08:54;15;Mattina;İngilizce;Morning;mattina;True;correct;Doğru;1.0;;1;True;22.07.2026_05.06.44_attempts.csv
20260722_050644;2026-07-22 05:08:58;16;Tenere;İngilizce;To Hold / To Keep;tenere;True;correct;Doğru;1.0;;1;True;22.07.2026_05.06.44_attempts.csv
20260722_050644;2026-07-22 05:09:03;17;Mi piace;Türkçe;Hoşuma gidiyor / seviyorum;mi piace;True;correct;Doğru;1.0;;1;True;22.07.2026_05.06.44_attempts.csv
20260722_050644;2026-07-22 05:09:11;18;Tornare;İngilizce;To return / to come back;tornare;True;correct;Doğru;1.0;;1;True;22.07.2026_05.06.44_attempts.csv
20260722_050644;2026-07-22 05:09:16;19;İl più;Türkçe;En / En Çok;il più;False;spelling_error;Yazım hatası;0.923;;2;False;22.07.2026_05.06.44_attempts.csv
20260722_050644;2026-07-22 05:09:28;20;Mano;İngilizce;Hand;;False;no_recall;Hatırlayamama / boş cevap;0.0;;1;False;22.07.2026_05.06.44_attempts.csv
20260722_050644;2026-07-22 05:09:33;21;Lavorare;İngilizce;To work;lavorare;True;correct;Doğru;1.0;;1;True;22.07.2026_05.06.44_attempts.csv
20260722_050644;2026-07-22 05:09:39;22;Dormire;Türkçe;Uyumak;dormire;True;correct;Doğru;1.0;;1;True;22.07.2026_05.06.44_attempts.csv
20260722_050644;2026-07-22 05:09:45;23;Tenere;Türkçe;Tutmak / korumak;tenere;True;correct;Doğru;1.0;;1;True;22.07.2026_05.06.44_attempts.csv
20260722_050644;2026-07-22 05:09:48;24;Soldi;Türkçe;Para;soldi;True;correct;Doğru;1.0;;1;True;22.07.2026_05.06.44_attempts.csv
20260722_050644;2026-07-22 05:09:58;25;Allo stesso tempo;Türkçe;Aynı zamanda;allo stesso tempo;True;correct;Doğru;1.0;;1;True;22.07.2026_05.06.44_attempts.csv
20260722_050644;2026-07-22 05:10:06;26;İl più;İngilizce;The most;İl più;True;correct;Doğru;1.0;;1;True;22.07.2026_05.06.44_attempts.csv
20260722_050644;2026-07-22 05:10:11;27;Notte;Türkçe;Gece;notte;True;correct;Doğru;1.0;;1;True;22.07.2026_05.06.44_attempts.csv
20260722_050644;2026-07-22 05:10:16;28;Sono di;İngilizce;I am from;di sono;False;unknown_or_semantic_error;Bilinmeyen veya anlamsal hata;0.571;;1;False;22.07.2026_05.06.44_attempts.csv
20260722_050644;2026-07-22 05:10:23;29;Tornare;Türkçe;Dönmek / geri gelmek;tornare;True;correct;Doğru;1.0;;1;True;22.07.2026_05.06.44_attempts.csv
20260722_050644;2026-07-22 05:10:27;30;Bere;Türkçe;İçmek;bere;True;correct;Doğru;1.0;;1;True;22.07.2026_05.06.44_attempts.csv
20260722_050644;2026-07-22 05:10:30;31;Mattina;Türkçe;Sabah;mattina;True;correct;Doğru;1.0;;1;True;22.07.2026_05.06.44_attempts.csv
20260722_050644;2026-07-22 05:10:34;32;Sono di;İngilizce;I am from;sono di;True;correct;Doğru;1.0;;2;False;22.07.2026_05.06.44_attempts.csv
20260722_050644;2026-07-22 05:10:39;33;İl più;Türkçe;En / En Çok;İl più;True;correct;Doğru;1.0;;3;False;22.07.2026_05.06.44_attempts.csv
20260722_050644;2026-07-22 05:10:42;34;Quando;Türkçe;Ne zaman / -dığında;quando;True;correct;Doğru;1.0;;1;True;22.07.2026_05.06.44_attempts.csv
20260722_050644;2026-07-22 05:10:47;35;Arrivare;Türkçe;Varmak / Ulaşmak;arrivare;True;correct;Doğru;1.0;;1;True;22.07.2026_05.06.44_attempts.csv
20260722_050644;2026-07-22 05:10:51;36;Mi dispiace;İngilizce;I’m sorry;mi dispiace;True;correct;Doğru;1.0;;1;True;22.07.2026_05.06.44_attempts.csv
20260722_050644;2026-07-22 05:10:54;37;Solo;Türkçe;Sadece / Yalnız;solo;True;correct;Doğru;1.0;;1;True;22.07.2026_05.06.44_attempts.csv
20260722_050644;2026-07-22 05:10:59;38;Generalmente;Türkçe;Genellikle;generalmente;True;correct;Doğru;1.0;;1;True;22.07.2026_05.06.44_attempts.csv
20260722_050644;2026-07-22 05:11:03;39;Sono di;Türkçe;….liyim / … denim;sono di;True;correct;Doğru;1.0;;1;True;22.07.2026_05.06.44_attempts.csv
20260722_050644;2026-07-22 05:11:08;40;Mi piace;İngilizce;I like;mi piace;True;correct;Doğru;1.0;;2;False;22.07.2026_05.06.44_attempts.csv
20260722_050644;2026-07-22 05:11:11;41;Quando;İngilizce;When;quando;True;correct;Doğru;1.0;;1;True;22.07.2026_05.06.44_attempts.csv
20260722_050644;2026-07-22 05:11:15;42;Lavorare;Türkçe;Çalışmak;lavorare;True;correct;Doğru;1.0;;2;False;22.07.2026_05.06.44_attempts.csv
20260722_050644;2026-07-22 05:11:23;43;Perche;Türkçe;Neden / Çünkü;perche;True;correct;Doğru;1.0;;1;True;22.07.2026_05.06.44_attempts.csv
20260722_050644;2026-07-22 05:11:27;44;Perche;İngilizce;Why / Because;perche;True;correct;Doğru;1.0;;1;True;22.07.2026_05.06.44_attempts.csv
20260722_050644;2026-07-22 05:11:31;45;Cosi cosi;İngilizce;So-so;cosi cosi;True;correct;Doğru;1.0;;1;True;22.07.2026_05.06.44_attempts.csv
20260722_050644;2026-07-22 05:11:34;46;Arrivare;İngilizce;Arrive;arrivare;True;correct;Doğru;1.0;;1;True;22.07.2026_05.06.44_attempts.csv
20260722_050644;2026-07-22 05:11:38;47;Mano;İngilizce;Hand;mano;True;correct;Doğru;1.0;;2;False;22.07.2026_05.06.44_attempts.csv
20260722_050644;2026-07-22 05:11:40;48;Bere;İngilizce;To drink;bere;True;correct;Doğru;1.0;;1;True;22.07.2026_05.06.44_attempts.csv
20260722_053217;2026-07-22 05:32:22;1;Tornare;Türkçe;Dönmek / geri gelmek;portare;False;confused_with_another_word;Başka kelimeyle karıştırma;0.714;Portare;1;False;22.07.2026_05.32.17_attempts.csv
20260722_053217;2026-07-22 05:32:39;2;Mi piace;İngilizce;I like;mi piace;True;correct;Doğru;1.0;;1;True;22.07.2026_05.32.17_attempts.csv
20260722_053217;2026-07-22 05:32:48;3;Tornare;Türkçe;Dönmek / geri gelmek;tornare;True;correct;Doğru;1.0;;2;False;22.07.2026_05.32.17_attempts.csv
20260722_053217;2026-07-22 05:32:53;4;Mi dispiace;Türkçe;Üzgünüm;mi dsipiace;False;spelling_error;Yazım hatası;0.909;;1;False;22.07.2026_05.32.17_attempts.csv
20260722_053217;2026-07-22 05:33:07;5;Tornare;İngilizce;To return / to come back;tornare;True;correct;Doğru;1.0;;1;True;22.07.2026_05.32.17_attempts.csv
20260722_053217;2026-07-22 05:33:12;6;Bere;Türkçe;İçmek;bere;True;correct;Doğru;1.0;;1;True;22.07.2026_05.32.17_attempts.csv
20260722_053217;2026-07-22 05:33:17;7;Mi dispiace;İngilizce;I’m sorry;mi dispiace;True;correct;Doğru;1.0;;1;True;22.07.2026_05.32.17_attempts.csv
20260722_053217;2026-07-22 05:33:20;8;Bere;İngilizce;To drink;bere;True;correct;Doğru;1.0;;1;True;22.07.2026_05.32.17_attempts.csv
20260722_053217;2026-07-22 05:33:26;9;Mi dispiace;Türkçe;Üzgünüm;mi dispiace;True;correct;Doğru;1.0;;2;False;22.07.2026_05.32.17_attempts.csv
20260722_053217;2026-07-22 05:33:30;10;Mi piace;Türkçe;Hoşuma gidiyor / seviyorum;mi piace;True;correct;Doğru;1.0;;1;True;22.07.2026_05.32.17_attempts.csv
20260722_055234;2026-07-22 05:52:38;1;Bere;Türkçe;İçmek;bere;True;correct;Doğru;1.0;;1;True;22.07.2026_05.52.34_attempts.csv
20260722_055234;2026-07-22 05:52:42;2;Mi dispiace;Türkçe;Üzgünüm;mi dispiace;True;correct;Doğru;1.0;;1;True;22.07.2026_05.52.34_attempts.csv
20260722_055234;2026-07-22 05:52:46;3;Mi dispiace;İngilizce;I’m sorry;mi piace;False;spelling_error;Yazım hatası;0.842;;1;False;22.07.2026_05.52.34_attempts.csv
20260722_055234;2026-07-22 05:52:50;4;Tornare;İngilizce;To return / to come back;tornare;True;correct;Doğru;1.0;;1;True;22.07.2026_05.52.34_attempts.csv
20260722_055234;2026-07-22 05:52:54;5;Mi dispiace;İngilizce;I’m sorry;mi dispiace;True;correct;Doğru;1.0;;2;False;22.07.2026_05.52.34_attempts.csv
20260722_055234;2026-07-22 05:52:57;6;Tornare;Türkçe;Dönmek / geri gelmek;tornare;True;correct;Doğru;1.0;;1;True;22.07.2026_05.52.34_attempts.csv
20260722_055234;2026-07-22 05:53:00;7;Bere;İngilizce;To drink;bere;True;correct;Doğru;1.0;;1;True;22.07.2026_05.52.34_attempts.csv
20260722_171233;2026-07-22 17:13:01;1;Mano;İngilizce;Hand;mano;True;correct;Doğru;1.0;;1;True;22.07.2026_17.12.33_attempts.csv
20260722_171233;2026-07-22 17:13:08;2;Cosi cosi;İngilizce;So-so;cosi csoi;False;spelling_error;Yazım hatası;0.889;;1;False;22.07.2026_17.12.33_attempts.csv
20260722_171233;2026-07-22 17:13:19;3;Perche;İngilizce;Why / Because;perche;True;correct;Doğru;1.0;;1;True;22.07.2026_17.12.33_attempts.csv
20260722_171233;2026-07-22 17:13:30;4;Tenere;Türkçe;Tutmak / korumak;Tenere;True;correct;Doğru;1.0;;1;True;22.07.2026_17.12.33_attempts.csv
20260722_171233;2026-07-22 17:13:33;5;Solo;Türkçe;Sadece / Yalnız;Solo;True;correct;Doğru;1.0;;1;True;22.07.2026_17.12.33_attempts.csv
20260722_171233;2026-07-22 17:13:38;6;Chiedere;Türkçe;Sormak / Rica etmek;Chiedere;True;correct;Doğru;1.0;;1;True;22.07.2026_17.12.33_attempts.csv
20260722_171233;2026-07-22 17:13:43;7;Mi piace;Türkçe;Hoşuma gidiyor / seviyorum;Mi piace;True;correct;Doğru;1.0;;1;True;22.07.2026_17.12.33_attempts.csv
20260722_171233;2026-07-22 17:14:00;8;Allo stesso tempo;İngilizce;At the same time;;False;no_recall;Hatırlayamama / boş cevap;0.0;;1;False;22.07.2026_17.12.33_attempts.csv
20260722_171233;2026-07-22 17:14:08;9;Bere;İngilizce;To drink;bere;True;correct;Doğru;1.0;;1;True;22.07.2026_17.12.33_attempts.csv
20260722_171233;2026-07-22 17:14:12;10;Quando;İngilizce;When;quando;True;correct;Doğru;1.0;;1;True;22.07.2026_17.12.33_attempts.csv
20260722_171233;2026-07-22 17:14:16;11;İl più;Türkçe;En / En Çok;il piu;False;spelling_error;Yazım hatası;0.769;;1;False;22.07.2026_17.12.33_attempts.csv
20260722_171233;2026-07-22 17:14:29;12;Tornare;İngilizce;To return / to come back;tornare;True;correct;Doğru;1.0;;1;True;22.07.2026_17.12.33_attempts.csv
20260722_171233;2026-07-22 17:14:33;13;İl più;İngilizce;The most;il più;False;spelling_error;Yazım hatası;0.923;;1;False;22.07.2026_17.12.33_attempts.csv
20260722_171233;2026-07-22 17:14:46;14;Mattina;Türkçe;Sabah;mattina;True;correct;Doğru;1.0;;1;True;22.07.2026_17.12.33_attempts.csv
20260722_171233;2026-07-22 17:14:50;15;Sono di;İngilizce;I am from;sono di;True;correct;Doğru;1.0;;1;True;22.07.2026_17.12.33_attempts.csv
20260722_171233;2026-07-22 17:14:53;16;Soldi;İngilizce;Money;soldi;True;correct;Doğru;1.0;;1;True;22.07.2026_17.12.33_attempts.csv
20260722_171233;2026-07-22 17:14:58;17;İl più;Türkçe;En / En Çok;il più;False;spelling_error;Yazım hatası;0.923;;2;False;22.07.2026_17.12.33_attempts.csv
20260722_171233;2026-07-22 17:15:42;18;Mi dispiace;Türkçe;Üzgünüm;mi dispiace;True;correct;Doğru;1.0;;1;True;22.07.2026_17.12.33_attempts.csv
20260722_171233;2026-07-22 17:15:49;19;Notte;İngilizce;Night;notte;True;correct;Doğru;1.0;;1;True;22.07.2026_17.12.33_attempts.csv
20260722_171233;2026-07-22 17:15:52;20;Notte;Türkçe;Gece;notte;True;correct;Doğru;1.0;;1;True;22.07.2026_17.12.33_attempts.csv
20260722_171233;2026-07-22 17:15:57;21;Generalmente;İngilizce;Generally / usually;generalmente;True;correct;Doğru;1.0;;1;True;22.07.2026_17.12.33_attempts.csv
20260722_171233;2026-07-22 17:16:06;22;Lavorare;Türkçe;Çalışmak;lavorare;True;correct;Doğru;1.0;;1;True;22.07.2026_17.12.33_attempts.csv
20260722_171233;2026-07-22 17:16:14;23;Cosi cosi;Türkçe;Şöyle böyle / Eh işte;Cosi cosi;True;correct;Doğru;1.0;;1;True;22.07.2026_17.12.33_attempts.csv
20260722_171233;2026-07-22 17:16:22;24;Lavorare;İngilizce;To work;lavorare;True;correct;Doğru;1.0;;1;True;22.07.2026_17.12.33_attempts.csv
20260722_171233;2026-07-22 17:16:26;25;Generalmente;Türkçe;Genellikle;generalmente;True;correct;Doğru;1.0;;1;True;22.07.2026_17.12.33_attempts.csv
20260722_171233;2026-07-22 17:16:32;26;Arrivare;Türkçe;Varmak / Ulaşmak;arrivare;True;correct;Doğru;1.0;;1;True;22.07.2026_17.12.33_attempts.csv
20260722_171233;2026-07-22 17:16:46;27;İl più;İngilizce;The most;il piü.`~;False;unknown_or_semantic_error;Bilinmeyen veya anlamsal hata;0.625;;2;False;22.07.2026_17.12.33_attempts.csv
20260722_171233;2026-07-22 17:17:05;28;Allo stesso tempo;İngilizce;At the same time;stesso tempo;False;spelling_error;Yazım hatası;0.828;;2;False;22.07.2026_17.12.33_attempts.csv
20260722_171233;2026-07-22 17:17:13;29;Mano;Türkçe;El;mano;True;correct;Doğru;1.0;;1;True;22.07.2026_17.12.33_attempts.csv
20260722_171233;2026-07-22 17:17:17;30;Chiedere;İngilizce;To ask / To request;chiedere;True;correct;Doğru;1.0;;1;True;22.07.2026_17.12.33_attempts.csv
20260722_171233;2026-07-22 17:17:22;31;Cosi cosi;İngilizce;So-so;Cosi cosi;True;correct;Doğru;1.0;;2;False;22.07.2026_17.12.33_attempts.csv
20260722_171233;2026-07-22 17:17:24;32;Bere;Türkçe;İçmek;bere;True;correct;Doğru;1.0;;1;True;22.07.2026_17.12.33_attempts.csv
20260722_171233;2026-07-22 17:17:30;33;İl più;Türkçe;En / En Çok;il più;False;spelling_error;Yazım hatası;0.923;;3;False;22.07.2026_17.12.33_attempts.csv
20260722_171233;2026-07-22 17:18:07;34;Quando;Türkçe;Ne zaman / -dığında;quando;True;correct;Doğru;1.0;;1;True;22.07.2026_17.12.33_attempts.csv
20260722_171233;2026-07-22 17:18:11;35;Perche;Türkçe;Neden / Çünkü;peche;False;spelling_error;Yazım hatası;0.909;;1;False;22.07.2026_17.12.33_attempts.csv
20260722_171233;2026-07-22 17:18:16;36;Arrivare;İngilizce;Arrive;arrivare;True;correct;Doğru;1.0;;1;True;22.07.2026_17.12.33_attempts.csv
20260722_171233;2026-07-22 17:18:24;37;Allo stesso tempo;Türkçe;Aynı zamanda;allo stesso tempo;True;correct;Doğru;1.0;;1;True;22.07.2026_17.12.33_attempts.csv
20260722_171233;2026-07-22 17:18:27;38;Soldi;Türkçe;Para;soldi;True;correct;Doğru;1.0;;1;True;22.07.2026_17.12.33_attempts.csv
20260722_171233;2026-07-22 17:18:31;39;Mi piace;İngilizce;I like;mi piace;True;correct;Doğru;1.0;;1;True;22.07.2026_17.12.33_attempts.csv
20260722_171233;2026-07-22 17:18:34;40;Sono di;Türkçe;….liyim / … denim;sono di;True;correct;Doğru;1.0;;1;True;22.07.2026_17.12.33_attempts.csv
20260722_171233;2026-07-22 17:18:44;41;Allo stesso tempo;İngilizce;At the same time;allo stesso tempo;True;correct;Doğru;1.0;;3;False;22.07.2026_17.12.33_attempts.csv
20260722_171233;2026-07-22 17:18:49;42;Mi dispiace;İngilizce;I’m sorry;mi dispiace;True;correct;Doğru;1.0;;1;True;22.07.2026_17.12.33_attempts.csv
20260722_171233;2026-07-22 17:18:55;43;İl più;Türkçe;En / En Çok;il più;False;spelling_error;Yazım hatası;0.923;;4;False;22.07.2026_17.12.33_attempts.csv
20260722_171233;2026-07-22 17:19:01;44;Tornare;Türkçe;Dönmek / geri gelmek;tornare;True;correct;Doğru;1.0;;1;True;22.07.2026_17.12.33_attempts.csv
20260722_171233;2026-07-22 17:19:07;45;Mattina;İngilizce;Morning;mattina;True;correct;Doğru;1.0;;1;True;22.07.2026_17.12.33_attempts.csv
20260722_171233;2026-07-22 17:19:11;46;İl più;İngilizce;The most;İl più;True;correct;Doğru;1.0;;3;False;22.07.2026_17.12.33_attempts.csv
20260722_171233;2026-07-22 17:19:21;47;Solo;İngilizce;Only / Alone;solo;True;correct;Doğru;1.0;;1;True;22.07.2026_17.12.33_attempts.csv
20260722_171233;2026-07-22 17:19:33;48;İl più;Türkçe;En / En Çok;İl più;True;correct;Doğru;1.0;;5;False;22.07.2026_17.12.33_attempts.csv
20260722_171233;2026-07-22 17:19:38;49;Perche;Türkçe;Neden / Çünkü;perche;True;correct;Doğru;1.0;;2;False;22.07.2026_17.12.33_attempts.csv
20260722_171233;2026-07-22 17:19:42;50;Tenere;İngilizce;To Hold / To Keep;tenere;True;correct;Doğru;1.0;;1;True;22.07.2026_17.12.33_attempts.csv
20260726_090722;2026-07-26 09:07:27;1;Arrivare;İngilizce;Arrive;arrivare;True;correct;Doğru;1.0;;1;True;26.07.2026_09.07.22_attempts.csv
20260726_090722;2026-07-26 09:07:32;2;Mi piace;İngilizce;I like;mi piace;True;correct;Doğru;1.0;;1;True;26.07.2026_09.07.22_attempts.csv
20260726_090722;2026-07-26 09:07:38;3;Tenere;Türkçe;Tutmak / korumak;tenere;True;correct;Doğru;1.0;;1;True;26.07.2026_09.07.22_attempts.csv
20260726_090722;2026-07-26 09:08:21;4;Soldi;Türkçe;Para;solido;False;unknown_or_semantic_error;Bilinmeyen veya anlamsal hata;0.727;;1;False;26.07.2026_09.07.22_attempts.csv
20260726_090722;2026-07-26 09:08:27;5;Tenere;İngilizce;To Hold / To Keep;tenere;True;correct;Doğru;1.0;;1;True;26.07.2026_09.07.22_attempts.csv
20260726_090722;2026-07-26 09:08:31;6;Cosi cosi;Türkçe;Şöyle böyle / Eh işte;cosi cosi;True;correct;Doğru;1.0;;1;True;26.07.2026_09.07.22_attempts.csv
20260726_090722;2026-07-26 09:08:36;7;Generalmente;Türkçe;Genellikle;generalmente;True;correct;Doğru;1.0;;1;True;26.07.2026_09.07.22_attempts.csv
20260726_090722;2026-07-26 09:08:41;8;Lavorare;Türkçe;Çalışmak;lavorare;True;correct;Doğru;1.0;;1;True;26.07.2026_09.07.22_attempts.csv
20260726_090722;2026-07-26 09:08:43;9;Soldi;Türkçe;Para;soldi;True;correct;Doğru;1.0;;2;False;26.07.2026_09.07.22_attempts.csv
20260726_090722;2026-07-26 09:08:47;10;Solo;İngilizce;Only / Alone;solo;True;correct;Doğru;1.0;;1;True;26.07.2026_09.07.22_attempts.csv
20260726_090722;2026-07-26 09:08:51;11;Chiedere;İngilizce;To ask / To request;chiedere;True;correct;Doğru;1.0;;1;True;26.07.2026_09.07.22_attempts.csv
20260726_090722;2026-07-26 09:08:57;12;İl più;Türkçe;En / En Çok;İl piu;False;spelling_error;Yazım hatası;0.857;;1;False;26.07.2026_09.07.22_attempts.csv
20260726_090722;2026-07-26 09:09:13;13;Solo;Türkçe;Sadece / Yalnız;solo;True;correct;Doğru;1.0;;1;True;26.07.2026_09.07.22_attempts.csv
20260726_090722;2026-07-26 09:09:16;14;Notte;İngilizce;Night;notte;True;correct;Doğru;1.0;;1;True;26.07.2026_09.07.22_attempts.csv
20260726_090722;2026-07-26 09:09:20;15;Cosi cosi;İngilizce;So-so;cosi cosi;True;correct;Doğru;1.0;;1;True;26.07.2026_09.07.22_attempts.csv
20260726_090722;2026-07-26 09:09:24;16;Sono di;Türkçe;….liyim / … denim;sono di;True;correct;Doğru;1.0;;1;True;26.07.2026_09.07.22_attempts.csv
20260726_090722;2026-07-26 09:09:27;17;İl più;Türkçe;En / En Çok;İl più;True;correct;Doğru;1.0;;2;False;26.07.2026_09.07.22_attempts.csv
20260726_090722;2026-07-26 09:09:35;18;Mattina;İngilizce;Morning;mattina;True;correct;Doğru;1.0;;1;True;26.07.2026_09.07.22_attempts.csv
20260726_090722;2026-07-26 09:09:42;19;Mi dispiace;Türkçe;Üzgünüm;mi dispiace;True;correct;Doğru;1.0;;1;True;26.07.2026_09.07.22_attempts.csv
20260726_090722;2026-07-26 09:09:46;20;Quando;Türkçe;Ne zaman / -dığında;quando;True;correct;Doğru;1.0;;1;True;26.07.2026_09.07.22_attempts.csv
20260726_090722;2026-07-26 09:09:49;21;Mattina;Türkçe;Sabah;mattina;True;correct;Doğru;1.0;;1;True;26.07.2026_09.07.22_attempts.csv
20260726_090722;2026-07-26 09:09:53;22;Generalmente;İngilizce;Generally / usually;generalmente;True;correct;Doğru;1.0;;1;True;26.07.2026_09.07.22_attempts.csv
20260726_090722;2026-07-26 09:19:19;23;Perche;İngilizce;Why / Because;perche;True;correct;Doğru;1.0;;1;True;26.07.2026_09.07.22_attempts.csv
20260726_090722;2026-07-26 09:19:23;24;Notte;Türkçe;Gece;notte;True;correct;Doğru;1.0;;1;True;26.07.2026_09.07.22_attempts.csv
20260726_090722;2026-07-26 09:19:27;25;Quando;İngilizce;When;quando;True;correct;Doğru;1.0;;1;True;26.07.2026_09.07.22_attempts.csv
20260726_090722;2026-07-26 09:19:30;26;Bere;Türkçe;İçmek;bere;True;correct;Doğru;1.0;;1;True;26.07.2026_09.07.22_attempts.csv
20260726_090722;2026-07-26 09:19:43;27;İl più;İngilizce;The most;İl più;True;correct;Doğru;1.0;;1;True;26.07.2026_09.07.22_attempts.csv
20260726_090722;2026-07-26 09:19:47;28;Sono di;İngilizce;I am from;sono di;True;correct;Doğru;1.0;;1;True;26.07.2026_09.07.22_attempts.csv
20260726_090722;2026-07-26 09:19:57;29;Allo stesso tempo;Türkçe;Aynı zamanda;allo stesso tempo;True;correct;Doğru;1.0;;1;True;26.07.2026_09.07.22_attempts.csv
20260726_090722;2026-07-26 09:20:00;30;Mano;İngilizce;Hand;mano;True;correct;Doğru;1.0;;1;True;26.07.2026_09.07.22_attempts.csv
20260726_090722;2026-07-26 09:20:05;31;Tornare;Türkçe;Dönmek / geri gelmek;tornare;True;correct;Doğru;1.0;;1;True;26.07.2026_09.07.22_attempts.csv
20260726_090722;2026-07-26 09:20:09;32;Mi dispiace;İngilizce;I’m sorry;mi dispiace;True;correct;Doğru;1.0;;1;True;26.07.2026_09.07.22_attempts.csv
20260726_090722;2026-07-26 09:20:11;33;Bere;İngilizce;To drink;bere;True;correct;Doğru;1.0;;1;True;26.07.2026_09.07.22_attempts.csv
20260726_090722;2026-07-26 09:20:16;34;Arrivare;Türkçe;Varmak / Ulaşmak;arrivare;True;correct;Doğru;1.0;;1;True;26.07.2026_09.07.22_attempts.csv
20260726_090722;2026-07-26 09:20:20;35;Mi piace;Türkçe;Hoşuma gidiyor / seviyorum;mi piace;True;correct;Doğru;1.0;;1;True;26.07.2026_09.07.22_attempts.csv
20260726_090722;2026-07-26 09:20:23;36;Mano;Türkçe;El;mano;True;correct;Doğru;1.0;;1;True;26.07.2026_09.07.22_attempts.csv
20260726_090722;2026-07-26 09:20:28;37;Soldi;İngilizce;Money;soldi;True;correct;Doğru;1.0;;1;True;26.07.2026_09.07.22_attempts.csv
20260726_090722;2026-07-26 09:20:33;38;Perche;Türkçe;Neden / Çünkü;perche;True;correct;Doğru;1.0;;1;True;26.07.2026_09.07.22_attempts.csv
20260726_090722;2026-07-26 09:20:39;39;Allo stesso tempo;İngilizce;At the same time;allo stesso tempo;True;correct;Doğru;1.0;;1;True;26.07.2026_09.07.22_attempts.csv
20260726_090722;2026-07-26 09:20:43;40;Lavorare;İngilizce;To work;lavorare;True;correct;Doğru;1.0;;1;True;26.07.2026_09.07.22_attempts.csv
20260726_090722;2026-07-26 09:20:47;41;Chiedere;Türkçe;Sormak / Rica etmek;chiedere;True;correct;Doğru;1.0;;1;True;26.07.2026_09.07.22_attempts.csv
20260726_090722;2026-07-26 09:20:51;42;Tornare;İngilizce;To return / to come back;tornare;True;correct;Doğru;1.0;;1;True;26.07.2026_09.07.22_attempts.csv
20260726_110243;2026-07-26 11:02:47;1;Aspetto;Türkçe;Görünüş / Özellik;aspetta;False;spelling_error;Yazım hatası;0.857;;1;False;26.07.2026_11.02.43_attempts.csv
20260726_110243;2026-07-26 11:02:54;2;Lingua;İngilizce;Language / Tongue;linguage;False;spelling_error;Yazım hatası;0.857;;1;False;26.07.2026_11.02.43_attempts.csv
20260726_110243;2026-07-26 11:02:59;3;Sempre;İngilizce;Always;sempre;True;correct;Doğru;1.0;;1;True;26.07.2026_11.02.43_attempts.csv
20260726_110243;2026-07-26 11:03:04;4;Di solito;Türkçe;Genlelde;di solito;True;correct;Doğru;1.0;;1;True;26.07.2026_11.02.43_attempts.csv
20260726_110243;2026-07-26 11:03:10;5;Cibo;İngilizce;Food;Il cibo;False;unknown_or_semantic_error;Bilinmeyen veya anlamsal hata;0.727;;1;False;26.07.2026_11.02.43_attempts.csv
20260726_110243;2026-07-26 11:03:14;6;Momento;İngilizce;Moment;momento;True;correct;Doğru;1.0;;1;True;26.07.2026_11.02.43_attempts.csv
20260726_110243;2026-07-26 11:03:17;7;Sempre;Türkçe;Her zaman;sempre;True;correct;Doğru;1.0;;1;True;26.07.2026_11.02.43_attempts.csv
20260726_110243;2026-07-26 11:03:24;8;Donna;Türkçe;Kadın;duonna;False;spelling_error;Yazım hatası;0.909;;1;False;26.07.2026_11.02.43_attempts.csv
20260726_110243;2026-07-26 11:03:29;9;Lingua;İngilizce;Language / Tongue;lingua;True;correct;Doğru;1.0;;2;False;26.07.2026_11.02.43_attempts.csv
20260726_110243;2026-07-26 11:03:34;10;Occhio;Türkçe;Göz;occhio;True;correct;Doğru;1.0;;1;True;26.07.2026_11.02.43_attempts.csv
20260726_110243;2026-07-26 11:03:37;11;Donna;Türkçe;Kadın;donna;True;correct;Doğru;1.0;;2;False;26.07.2026_11.02.43_attempts.csv
20260726_110243;2026-07-26 11:03:41;12;Uomo;Türkçe;Erkek / Adam;uomo;True;correct;Doğru;1.0;;1;True;26.07.2026_11.02.43_attempts.csv
20260726_110243;2026-07-26 11:03:44;13;Cibo;Türkçe;Yiyecek / Yemek;cibo;True;correct;Doğru;1.0;;1;True;26.07.2026_11.02.43_attempts.csv
20260726_110243;2026-07-26 11:03:47;14;Citta;İngilizce;City;citta;True;correct;Doğru;1.0;;1;True;26.07.2026_11.02.43_attempts.csv
20260726_110243;2026-07-26 11:03:50;15;Cibo;İngilizce;Food;cibo;True;correct;Doğru;1.0;;2;False;26.07.2026_11.02.43_attempts.csv
20260726_110243;2026-07-26 11:03:54;16;Momento;Türkçe;An / Zaman;momento;True;correct;Doğru;1.0;;1;True;26.07.2026_11.02.43_attempts.csv
20260726_110243;2026-07-26 11:03:58;17;Cenare;Türkçe;Akşam yemeği yemek;cenere;False;spelling_error;Yazım hatası;0.833;;1;False;26.07.2026_11.02.43_attempts.csv
20260726_110243;2026-07-26 11:04:27;18;Mai;İngilizce;Never / Ever;mai;True;correct;Doğru;1.0;;1;True;26.07.2026_11.02.43_attempts.csv
20260726_110243;2026-07-26 11:04:37;19;Colazione;İngilizce;Breakfast;callicatzione;False;unknown_or_semantic_error;Bilinmeyen veya anlamsal hata;0.636;;1;False;26.07.2026_11.02.43_attempts.csv
20260726_110243;2026-07-26 11:04:44;20;Parola;Türkçe;Kelime / Söz;parola;True;correct;Doğru;1.0;;1;True;26.07.2026_11.02.43_attempts.csv
20260726_110243;2026-07-26 11:04:47;21;Mai;Türkçe;Asla / Hiç;mai;True;correct;Doğru;1.0;;1;True;26.07.2026_11.02.43_attempts.csv
20260726_110243;2026-07-26 11:04:56;22;Spesso;Türkçe;Sıklıkla;spesso;True;correct;Doğru;1.0;;1;True;26.07.2026_11.02.43_attempts.csv
20260726_110243;2026-07-26 11:05:00;23;Aspetto;Türkçe;Görünüş / Özellik;aspetta;False;spelling_error;Yazım hatası;0.857;;2;False;26.07.2026_11.02.43_attempts.csv
20260726_110243;2026-07-26 11:05:07;24;Spesso;İngilizce;Often;spesso;True;correct;Doğru;1.0;;1;True;26.07.2026_11.02.43_attempts.csv
20260726_110243;2026-07-26 11:05:12;25;Corpo;İngilizce;Body;corpo;True;correct;Doğru;1.0;;1;True;26.07.2026_11.02.43_attempts.csv
20260726_110243;2026-07-26 11:05:16;26;Colazione;İngilizce;Breakfast;collazione;False;spelling_error;Yazım hatası;0.947;;2;False;26.07.2026_11.02.43_attempts.csv
20260726_110243;2026-07-26 11:05:21;27;Colazione;Türkçe;Kahvaltı;colazione;True;correct;Doğru;1.0;;1;True;26.07.2026_11.02.43_attempts.csv
20260726_110243;2026-07-26 11:05:24;28;Aspetto;Türkçe;Görünüş / Özellik;aspetto;True;correct;Doğru;1.0;;3;False;26.07.2026_11.02.43_attempts.csv
20260726_110243;2026-07-26 11:05:30;29;Occhio;İngilizce;Eye;occhio;True;correct;Doğru;1.0;;1;True;26.07.2026_11.02.43_attempts.csv
20260726_110243;2026-07-26 11:05:34;30;Aspetto;İngilizce;Appearance / Aspect;apestto;False;spelling_error;Yazım hatası;0.857;;1;False;26.07.2026_11.02.43_attempts.csv
20260726_110243;2026-07-26 11:05:47;31;Cenare;Türkçe;Akşam yemeği yemek;cenare;True;correct;Doğru;1.0;;2;False;26.07.2026_11.02.43_attempts.csv
20260726_110243;2026-07-26 11:05:50;32;Parola;İngilizce;Word;parola;True;correct;Doğru;1.0;;1;True;26.07.2026_11.02.43_attempts.csv
20260726_110243;2026-07-26 11:05:54;33;Cenare;İngilizce;To have dinner;cenare;True;correct;Doğru;1.0;;1;True;26.07.2026_11.02.43_attempts.csv
20260726_110243;2026-07-26 11:05:58;34;Di solito;İngilizce;Usually;di solito;True;correct;Doğru;1.0;;1;True;26.07.2026_11.02.43_attempts.csv
20260726_110243;2026-07-26 11:06:03;35;Colazione;İngilizce;Breakfast;colazione;True;correct;Doğru;1.0;;3;False;26.07.2026_11.02.43_attempts.csv
20260726_110243;2026-07-26 11:06:06;36;Casa;Türkçe;Ev / Yuva;casa;True;correct;Doğru;1.0;;1;True;26.07.2026_11.02.43_attempts.csv
20260726_110243;2026-07-26 11:06:10;37;Uomo;İngilizce;Man;uomo;True;correct;Doğru;1.0;;1;True;26.07.2026_11.02.43_attempts.csv
20260726_110243;2026-07-26 11:06:15;38;Lingua;Türkçe;Dil;lingua;True;correct;Doğru;1.0;;1;True;26.07.2026_11.02.43_attempts.csv
20260726_110243;2026-07-26 11:06:19;39;Citta;Türkçe;Şehir;citta;True;correct;Doğru;1.0;;1;True;26.07.2026_11.02.43_attempts.csv
20260726_110243;2026-07-26 11:06:45;40;A volte;Türkçe;Bazen;a volte;True;correct;Doğru;1.0;;1;True;26.07.2026_11.02.43_attempts.csv
20260726_110243;2026-07-26 11:06:49;41;Casa;İngilizce;House / Home;casa;True;correct;Doğru;1.0;;1;True;26.07.2026_11.02.43_attempts.csv
20260726_110243;2026-07-26 11:06:53;42;Corpo;Türkçe;Vücut / Beden;corpo;True;correct;Doğru;1.0;;1;True;26.07.2026_11.02.43_attempts.csv
20260726_110243;2026-07-26 11:06:58;43;A volte;İngilizce;Sometimes;a volte;True;correct;Doğru;1.0;;1;True;26.07.2026_11.02.43_attempts.csv
20260726_110243;2026-07-26 11:07:02;44;Aspetto;İngilizce;Appearance / Aspect;aspetto;True;correct;Doğru;1.0;;2;False;26.07.2026_11.02.43_attempts.csv
20260726_110243;2026-07-26 11:07:05;45;Donna;İngilizce;Woman;donna;True;correct;Doğru;1.0;;1;True;26.07.2026_11.02.43_attempts.csv
20260727_101219;2026-07-27 10:12:23;1;Uomo;Türkçe;Erkek / Adam;uomo;True;correct;Doğru;1.0;;1;True;27.07.2026_10.12.19_attempts.csv
20260727_101219;2026-07-27 10:12:28;2;Mai;İngilizce;Never / Ever;mai;True;correct;Doğru;1.0;;1;True;27.07.2026_10.12.19_attempts.csv
20260727_101219;2026-07-27 10:12:32;3;Momento;İngilizce;Moment;momento;True;correct;Doğru;1.0;;1;True;27.07.2026_10.12.19_attempts.csv
20260727_101219;2026-07-27 10:12:35;4;Casa;Türkçe;Ev / Yuva;casa;True;correct;Doğru;1.0;;1;True;27.07.2026_10.12.19_attempts.csv
20260727_101219;2026-07-27 10:12:39;5;Citta;Türkçe;Şehir;citta;True;correct;Doğru;1.0;;1;True;27.07.2026_10.12.19_attempts.csv
20260727_101219;2026-07-27 10:12:44;6;Sempre;Türkçe;Her zaman;sempre;True;correct;Doğru;1.0;;1;True;27.07.2026_10.12.19_attempts.csv
20260727_101219;2026-07-27 10:12:48;7;Di solito;İngilizce;Usually;di solito;True;correct;Doğru;1.0;;1;True;27.07.2026_10.12.19_attempts.csv
20260727_101219;2026-07-27 10:12:52;8;Cibo;Türkçe;Yiyecek / Yemek;cibo;True;correct;Doğru;1.0;;1;True;27.07.2026_10.12.19_attempts.csv
20260727_101219;2026-07-27 10:12:55;9;Lingua;Türkçe;Dil;lingua;True;correct;Doğru;1.0;;1;True;27.07.2026_10.12.19_attempts.csv
20260727_101219;2026-07-27 10:13:01;10;A volte;Türkçe;Bazen;a volte;True;correct;Doğru;1.0;;1;True;27.07.2026_10.12.19_attempts.csv
20260727_101219;2026-07-27 10:13:05;11;Donna;İngilizce;Woman;donna;True;correct;Doğru;1.0;;1;True;27.07.2026_10.12.19_attempts.csv
20260727_101219;2026-07-27 10:13:08;12;Mai;Türkçe;Asla / Hiç;mai;True;correct;Doğru;1.0;;1;True;27.07.2026_10.12.19_attempts.csv
20260727_101219;2026-07-27 10:13:11;13;Uomo;İngilizce;Man;uomo;True;correct;Doğru;1.0;;1;True;27.07.2026_10.12.19_attempts.csv
20260727_101219;2026-07-27 10:13:26;14;Cenare;İngilizce;To have dinner;cenere;False;spelling_error;Yazım hatası;0.833;;1;False;27.07.2026_10.12.19_attempts.csv
20260727_101219;2026-07-27 10:13:37;15;Di solito;Türkçe;Genlelde;generalmente;False;unknown_or_semantic_error;Bilinmeyen veya anlamsal hata;0.19;;1;False;27.07.2026_10.12.19_attempts.csv
20260727_101219;2026-07-27 10:13:45;16;Aspetto;Türkçe;Görünüş / Özellik;aspetta;False;spelling_error;Yazım hatası;0.857;;1;False;27.07.2026_10.12.19_attempts.csv
20260727_101219;2026-07-27 10:13:49;17;Donna;Türkçe;Kadın;donna;True;correct;Doğru;1.0;;1;True;27.07.2026_10.12.19_attempts.csv
20260727_101219;2026-07-27 10:13:52;18;Parola;İngilizce;Word;parola;True;correct;Doğru;1.0;;1;True;27.07.2026_10.12.19_attempts.csv
20260727_101219;2026-07-27 10:13:56;19;Momento;Türkçe;An / Zaman;momento;True;correct;Doğru;1.0;;1;True;27.07.2026_10.12.19_attempts.csv
20260727_101219;2026-07-27 10:14:05;20;Spesso;Türkçe;Sıklıkla;spesso;True;correct;Doğru;1.0;;1;True;27.07.2026_10.12.19_attempts.csv
20260727_101219;2026-07-27 10:14:09;21;Occhio;Türkçe;Göz;occhio;True;correct;Doğru;1.0;;1;True;27.07.2026_10.12.19_attempts.csv
20260727_101219;2026-07-27 10:14:22;22;Aspetto;İngilizce;Appearance / Aspect;aspetto;True;correct;Doğru;1.0;;1;True;27.07.2026_10.12.19_attempts.csv
20260727_101219;2026-07-27 10:14:27;23;Occhio;İngilizce;Eye;occhio;True;correct;Doğru;1.0;;1;True;27.07.2026_10.12.19_attempts.csv
20260727_101219;2026-07-27 10:14:31;24;Aspetto;Türkçe;Görünüş / Özellik;aspetto;True;correct;Doğru;1.0;;2;False;27.07.2026_10.12.19_attempts.csv
20260727_101219;2026-07-27 10:14:34;25;Cibo;İngilizce;Food;cibo;True;correct;Doğru;1.0;;1;True;27.07.2026_10.12.19_attempts.csv
20260727_101219;2026-07-27 10:14:38;26;Sempre;İngilizce;Always;sempre;True;correct;Doğru;1.0;;1;True;27.07.2026_10.12.19_attempts.csv
20260727_101219;2026-07-27 10:14:41;27;Corpo;Türkçe;Vücut / Beden;corpo;True;correct;Doğru;1.0;;1;True;27.07.2026_10.12.19_attempts.csv
20260727_101219;2026-07-27 10:14:44;28;Casa;İngilizce;House / Home;casa;True;correct;Doğru;1.0;;1;True;27.07.2026_10.12.19_attempts.csv
20260727_101219;2026-07-27 10:14:49;29;Di solito;Türkçe;Genlelde;di solito;True;correct;Doğru;1.0;;2;False;27.07.2026_10.12.19_attempts.csv
20260727_101219;2026-07-27 10:14:57;30;Colazione;İngilizce;Breakfast;colazione;True;correct;Doğru;1.0;;1;True;27.07.2026_10.12.19_attempts.csv
20260727_101219;2026-07-27 10:15:04;31;Colazione;Türkçe;Kahvaltı;colazione;True;correct;Doğru;1.0;;1;True;27.07.2026_10.12.19_attempts.csv
20260727_101219;2026-07-27 10:15:16;32;A volte;İngilizce;Sometimes;a volte;True;correct;Doğru;1.0;;1;True;27.07.2026_10.12.19_attempts.csv
20260727_101219;2026-07-27 10:15:20;33;Corpo;İngilizce;Body;corpo;True;correct;Doğru;1.0;;1;True;27.07.2026_10.12.19_attempts.csv
20260727_101219;2026-07-27 10:15:23;34;Spesso;İngilizce;Often;spesso;True;correct;Doğru;1.0;;1;True;27.07.2026_10.12.19_attempts.csv
20260727_101219;2026-07-27 10:15:30;35;Cenare;İngilizce;To have dinner;cenare;True;correct;Doğru;1.0;;2;False;27.07.2026_10.12.19_attempts.csv
20260727_101219;2026-07-27 10:15:33;36;Citta;İngilizce;City;citta;True;correct;Doğru;1.0;;1;True;27.07.2026_10.12.19_attempts.csv
20260727_101219;2026-07-27 10:15:36;37;Parola;Türkçe;Kelime / Söz;parola;True;correct;Doğru;1.0;;1;True;27.07.2026_10.12.19_attempts.csv
20260727_101219;2026-07-27 10:15:41;38;Lingua;İngilizce;Language / Tongue;lingua;True;correct;Doğru;1.0;;1;True;27.07.2026_10.12.19_attempts.csv
20260727_101219;2026-07-27 10:15:45;39;Cenare;Türkçe;Akşam yemeği yemek;cenare;True;correct;Doğru;1.0;;1;True;27.07.2026_10.12.19_attempts.csv
20260727_170143;2026-07-27 17:01:49;1;Sempre;Türkçe;Her zaman;sempre;True;correct;Doğru;1.0;;1;True;27.07.2026_17.01.43_attempts.csv
20260727_170143;2026-07-27 17:02:09;2;Citta;İngilizce;City;citta;True;correct;Doğru;1.0;;1;True;27.07.2026_17.01.43_attempts.csv
20260727_170143;2026-07-27 17:02:16;3;Corpo;Türkçe;Vücut / Beden;corpo;True;correct;Doğru;1.0;;1;True;27.07.2026_17.01.43_attempts.csv
20260727_170143;2026-07-27 17:02:19;4;A volte;Türkçe;Bazen;a volte;True;correct;Doğru;1.0;;1;True;27.07.2026_17.01.43_attempts.csv
20260727_170143;2026-07-27 17:02:25;5;Aspetto;Türkçe;Görünüş / Özellik;aspetto;True;correct;Doğru;1.0;;1;True;27.07.2026_17.01.43_attempts.csv
20260727_170143;2026-07-27 17:02:28;6;Corpo;İngilizce;Body;corpo;True;correct;Doğru;1.0;;1;True;27.07.2026_17.01.43_attempts.csv
20260727_170143;2026-07-27 17:02:31;7;Citta;Türkçe;Şehir;citta;True;correct;Doğru;1.0;;1;True;27.07.2026_17.01.43_attempts.csv
20260727_170143;2026-07-27 17:02:34;8;Casa;İngilizce;House / Home;casa;True;correct;Doğru;1.0;;1;True;27.07.2026_17.01.43_attempts.csv
20260727_170143;2026-07-27 17:02:39;9;Colazione;Türkçe;Kahvaltı;colazione;True;correct;Doğru;1.0;;1;True;27.07.2026_17.01.43_attempts.csv
20260727_170143;2026-07-27 17:02:43;10;Momento;İngilizce;Moment;momento;True;correct;Doğru;1.0;;1;True;27.07.2026_17.01.43_attempts.csv
20260727_170143;2026-07-27 17:02:47;11;Parola;Türkçe;Kelime / Söz;parola;True;correct;Doğru;1.0;;1;True;27.07.2026_17.01.43_attempts.csv
20260727_170143;2026-07-27 17:02:50;12;Sempre;İngilizce;Always;sempre;True;correct;Doğru;1.0;;1;True;27.07.2026_17.01.43_attempts.csv
20260727_170143;2026-07-27 17:02:54;13;Cibo;Türkçe;Yiyecek / Yemek;cibo;True;correct;Doğru;1.0;;1;True;27.07.2026_17.01.43_attempts.csv
20260727_170143;2026-07-27 17:02:58;14;Cibo;İngilizce;Food;cibo;True;correct;Doğru;1.0;;1;True;27.07.2026_17.01.43_attempts.csv
20260727_170143;2026-07-27 17:03:08;15;A volte;İngilizce;Sometimes;a volte;True;correct;Doğru;1.0;;1;True;27.07.2026_17.01.43_attempts.csv
20260727_170143;2026-07-27 17:03:11;16;Colazione;İngilizce;Breakfast;colazione;True;correct;Doğru;1.0;;1;True;27.07.2026_17.01.43_attempts.csv
20260727_170143;2026-07-27 17:03:19;17;Cenare;Türkçe;Akşam yemeği yemek;cenare;True;correct;Doğru;1.0;;1;True;27.07.2026_17.01.43_attempts.csv
20260727_170143;2026-07-27 17:05:37;18;Casa;Türkçe;Ev / Yuva;casa;True;correct;Doğru;1.0;;1;True;27.07.2026_17.01.43_attempts.csv
20260727_170143;2026-07-27 17:05:41;19;Mai;Türkçe;Asla / Hiç;mai;True;correct;Doğru;1.0;;1;True;27.07.2026_17.01.43_attempts.csv
20260727_170143;2026-07-27 17:05:46;20;Uomo;İngilizce;Man;uomo;True;correct;Doğru;1.0;;1;True;27.07.2026_17.01.43_attempts.csv
20260727_170143;2026-07-27 17:05:49;21;Donna;Türkçe;Kadın;donna;True;correct;Doğru;1.0;;1;True;27.07.2026_17.01.43_attempts.csv
20260727_170143;2026-07-27 17:05:52;22;Donna;İngilizce;Woman;donna;True;correct;Doğru;1.0;;1;True;27.07.2026_17.01.43_attempts.csv
20260727_170143;2026-07-27 17:05:55;23;Occhio;İngilizce;Eye;occhio;True;correct;Doğru;1.0;;1;True;27.07.2026_17.01.43_attempts.csv
20260727_170143;2026-07-27 17:06:02;24;Momento;Türkçe;An / Zaman;momento;True;correct;Doğru;1.0;;1;True;27.07.2026_17.01.43_attempts.csv
20260727_170143;2026-07-27 17:06:06;25;Spesso;İngilizce;Often;spesso;True;correct;Doğru;1.0;;1;True;27.07.2026_17.01.43_attempts.csv
20260727_170143;2026-07-27 17:06:09;26;Mai;İngilizce;Never / Ever;mai;True;correct;Doğru;1.0;;1;True;27.07.2026_17.01.43_attempts.csv
20260727_170143;2026-07-27 17:06:13;27;Lingua;Türkçe;Dil;lingua;True;correct;Doğru;1.0;;1;True;27.07.2026_17.01.43_attempts.csv
20260727_170143;2026-07-27 17:06:17;28;Di solito;Türkçe;Genlelde;di solito;True;correct;Doğru;1.0;;1;True;27.07.2026_17.01.43_attempts.csv
20260727_170143;2026-07-27 17:06:26;29;Occhio;Türkçe;Göz;occhio;True;correct;Doğru;1.0;;1;True;27.07.2026_17.01.43_attempts.csv
20260727_170143;2026-07-27 17:06:32;30;Aspetto;İngilizce;Appearance / Aspect;aspetto;True;correct;Doğru;1.0;;1;True;27.07.2026_17.01.43_attempts.csv
20260727_170143;2026-07-27 17:06:37;31;Uomo;Türkçe;Erkek / Adam;uomo;True;correct;Doğru;1.0;;1;True;27.07.2026_17.01.43_attempts.csv
20260727_170143;2026-07-27 17:06:41;32;Parola;İngilizce;Word;parola;True;correct;Doğru;1.0;;1;True;27.07.2026_17.01.43_attempts.csv
20260727_170143;2026-07-27 17:06:46;33;Cenare;İngilizce;To have dinner;cenare;True;correct;Doğru;1.0;;1;True;27.07.2026_17.01.43_attempts.csv
20260727_170143;2026-07-27 17:06:50;34;Lingua;İngilizce;Language / Tongue;lingua;True;correct;Doğru;1.0;;1;True;27.07.2026_17.01.43_attempts.csv
20260727_170143;2026-07-27 17:06:56;35;Di solito;İngilizce;Usually;di solito;True;correct;Doğru;1.0;;1;True;27.07.2026_17.01.43_attempts.csv
20260727_170143;2026-07-27 17:07:05;36;Spesso;Türkçe;Sıklıkla;spesso;True;correct;Doğru;1.0;;1;True;27.07.2026_17.01.43_attempts.csv
20260727_170723;2026-07-27 17:07:27;1;Bere;Türkçe;İçmek;bere;True;correct;Doğru;1.0;;1;True;27.07.2026_17.07.23_attempts.csv
20260727_170723;2026-07-27 17:07:31;2;Mi piace;Türkçe;Hoşuma gidiyor / seviyorum;mi piace;True;correct;Doğru;1.0;;1;True;27.07.2026_17.07.23_attempts.csv
20260727_170723;2026-07-27 17:07:35;3;Chiedere;Türkçe;Sormak / Rica etmek;chiedere;True;correct;Doğru;1.0;;1;True;27.07.2026_17.07.23_attempts.csv
20260727_170723;2026-07-27 17:07:38;4;Sono di;İngilizce;I am from;sono di;True;correct;Doğru;1.0;;1;True;27.07.2026_17.07.23_attempts.csv
20260727_170723;2026-07-27 17:07:42;5;Lavorare;İngilizce;To work;lavorare;True;correct;Doğru;1.0;;1;True;27.07.2026_17.07.23_attempts.csv
20260727_170723;2026-07-27 17:07:45;6;Mattina;İngilizce;Morning;mattina;True;correct;Doğru;1.0;;1;True;27.07.2026_17.07.23_attempts.csv
20260727_170723;2026-07-27 17:07:48;7;Arrivare;Türkçe;Varmak / Ulaşmak;arrivare;True;correct;Doğru;1.0;;1;True;27.07.2026_17.07.23_attempts.csv
20260727_170723;2026-07-27 17:07:53;8;Generalmente;Türkçe;Genellikle;generalmente;True;correct;Doğru;1.0;;1;True;27.07.2026_17.07.23_attempts.csv
20260727_170723;2026-07-27 17:07:56;9;Mano;Türkçe;El;mano;True;correct;Doğru;1.0;;1;True;27.07.2026_17.07.23_attempts.csv
20260727_170723;2026-07-27 17:08:00;10;Lavorare;Türkçe;Çalışmak;lavorare;True;correct;Doğru;1.0;;1;True;27.07.2026_17.07.23_attempts.csv
20260727_170723;2026-07-27 17:08:05;11;Allo stesso tempo;İngilizce;At the same time;allo stesso tempo;True;correct;Doğru;1.0;;1;True;27.07.2026_17.07.23_attempts.csv
20260727_170723;2026-07-27 17:08:09;12;Arrivare;İngilizce;Arrive;arrivare;True;correct;Doğru;1.0;;1;True;27.07.2026_17.07.23_attempts.csv
20260727_170723;2026-07-27 17:08:13;13;Tornare;İngilizce;To return / to come back;tornare;True;correct;Doğru;1.0;;1;True;27.07.2026_17.07.23_attempts.csv
20260727_170723;2026-07-27 17:08:17;14;Soldi;İngilizce;Money;soldi;True;correct;Doğru;1.0;;1;True;27.07.2026_17.07.23_attempts.csv
20260727_170723;2026-07-27 17:08:20;15;Solo;İngilizce;Only / Alone;solo;True;correct;Doğru;1.0;;1;True;27.07.2026_17.07.23_attempts.csv
20260727_170723;2026-07-27 17:08:51;16;Allo stesso tempo;Türkçe;Aynı zamanda;allo stesso tempo;True;correct;Doğru;1.0;;1;True;27.07.2026_17.07.23_attempts.csv
20260727_170723;2026-07-27 17:08:54;17;Mano;İngilizce;Hand;mano;True;correct;Doğru;1.0;;1;True;27.07.2026_17.07.23_attempts.csv
20260727_170723;2026-07-27 17:08:58;18;Notte;İngilizce;Night;notte;True;correct;Doğru;1.0;;1;True;27.07.2026_17.07.23_attempts.csv
20260727_170723;2026-07-27 17:09:04;19;Tornare;Türkçe;Dönmek / geri gelmek;tornare;True;correct;Doğru;1.0;;1;True;27.07.2026_17.07.23_attempts.csv
20260727_170723;2026-07-27 17:09:08;20;Quando;İngilizce;When;quando;True;correct;Doğru;1.0;;1;True;27.07.2026_17.07.23_attempts.csv
20260727_170723;2026-07-27 17:09:25;21;İl piu;Türkçe;En / En Çok;İl piu;True;correct;Doğru;1.0;;1;True;27.07.2026_17.07.23_attempts.csv
20260727_170723;2026-07-27 17:09:31;22;Sono di;Türkçe;….liyim / … denim;sono di;True;correct;Doğru;1.0;;1;True;27.07.2026_17.07.23_attempts.csv
20260727_170723;2026-07-27 17:09:34;23;Cosi cosi;İngilizce;So-so;cosi cosi;True;correct;Doğru;1.0;;1;True;27.07.2026_17.07.23_attempts.csv
20260727_170723;2026-07-27 17:09:39;24;Mi dispiace;İngilizce;I’m sorry;mi dispiace;True;correct;Doğru;1.0;;1;True;27.07.2026_17.07.23_attempts.csv
20260727_170723;2026-07-27 17:09:43;25;Mi piace;İngilizce;I like;mi piace;True;correct;Doğru;1.0;;1;True;27.07.2026_17.07.23_attempts.csv
20260727_170723;2026-07-27 17:09:47;26;Perche;İngilizce;Why / Because;perche;True;correct;Doğru;1.0;;1;True;27.07.2026_17.07.23_attempts.csv
20260727_170723;2026-07-27 17:09:51;27;Cosi cosi;Türkçe;Şöyle böyle / Eh işte;cosi cosi;True;correct;Doğru;1.0;;1;True;27.07.2026_17.07.23_attempts.csv
20260727_170723;2026-07-27 17:09:55;28;Mi dispiace;Türkçe;Üzgünüm;mi dispiace;True;correct;Doğru;1.0;;1;True;27.07.2026_17.07.23_attempts.csv
20260727_170723;2026-07-27 17:10:00;29;Quando;Türkçe;Ne zaman / -dığında;quando;True;correct;Doğru;1.0;;1;True;27.07.2026_17.07.23_attempts.csv
20260727_170723;2026-07-27 17:10:03;30;Solo;Türkçe;Sadece / Yalnız;solo;True;correct;Doğru;1.0;;1;True;27.07.2026_17.07.23_attempts.csv
20260727_170723;2026-07-27 17:10:07;31;Chiedere;İngilizce;To ask / To request;chiedere;True;correct;Doğru;1.0;;1;True;27.07.2026_17.07.23_attempts.csv
20260727_170723;2026-07-27 17:10:17;32;Perche;Türkçe;Neden / Çünkü;perche;True;correct;Doğru;1.0;;1;True;27.07.2026_17.07.23_attempts.csv
20260727_170723;2026-07-27 17:10:22;33;Generalmente;İngilizce;Generally / usually;generalmente;True;correct;Doğru;1.0;;1;True;27.07.2026_17.07.23_attempts.csv
20260727_170723;2026-07-27 17:10:29;34;Soldi;Türkçe;Para;soldi;True;correct;Doğru;1.0;;1;True;27.07.2026_17.07.23_attempts.csv
20260727_170723;2026-07-27 17:10:36;35;Mattina;Türkçe;Sabah;mattina;True;correct;Doğru;1.0;;1;True;27.07.2026_17.07.23_attempts.csv
20260727_170723;2026-07-27 17:10:40;36;Bere;İngilizce;To drink;bere;True;correct;Doğru;1.0;;1;True;27.07.2026_17.07.23_attempts.csv
20260727_170723;2026-07-27 17:10:44;37;Notte;Türkçe;Gece;notte;True;correct;Doğru;1.0;;1;True;27.07.2026_17.07.23_attempts.csv
20260727_170723;2026-07-27 17:10:49;38;İl piu;İngilizce;The most;İl piu;True;correct;Doğru;1.0;;1;True;27.07.2026_17.07.23_attempts.csv
20260727_171124;2026-07-27 17:11:30;1;Trovare;İngilizce;To find;trovare;True;correct;Doğru;1.0;;1;True;27.07.2026_17.11.24_attempts.csv
20260727_171124;2026-07-27 17:11:34;2;Mano;İngilizce;Hand;mano;True;correct;Doğru;1.0;;1;True;27.07.2026_17.11.24_attempts.csv
20260727_171124;2026-07-27 17:11:41;3;Sogno;Türkçe;Hayal;sogno;True;correct;Doğru;1.0;;1;True;27.07.2026_17.11.24_attempts.csv
20260727_171124;2026-07-27 17:11:45;4;Assenza;İngilizce;Absence;assenza;True;correct;Doğru;1.0;;1;True;27.07.2026_17.11.24_attempts.csv
20260727_171124;2026-07-27 17:11:48;5;Corso;Türkçe;Kurs / Ders;corso;True;correct;Doğru;1.0;;1;True;27.07.2026_17.11.24_attempts.csv
20260727_171124;2026-07-27 17:11:51;6;Cortese;Türkçe;Kibar/Nazik;cortese;True;correct;Doğru;1.0;;1;True;27.07.2026_17.11.24_attempts.csv
20260727_171124;2026-07-27 17:11:56;7;Benvenuto;Türkçe;Hoş geldin;benvenuto;True;correct;Doğru;1.0;;1;True;27.07.2026_17.11.24_attempts.csv
20260727_171124;2026-07-27 17:12:01;8;Bisogno;İngilizce;Need;bisogno;True;correct;Doğru;1.0;;1;True;27.07.2026_17.11.24_attempts.csv
20260727_171124;2026-07-27 17:12:04;9;Corso;İngilizce;Course / Class;corso;True;correct;Doğru;1.0;;1;True;27.07.2026_17.11.24_attempts.csv
20260727_171124;2026-07-27 17:12:09;10;Pensare;İngilizce;To think;pensare;True;correct;Doğru;1.0;;1;True;27.07.2026_17.11.24_attempts.csv
20260727_171124;2026-07-27 17:12:14;11;Benvenuto;İngilizce;Welcome;benvenuto;True;correct;Doğru;1.0;;1;True;27.07.2026_17.11.24_attempts.csv
20260727_171124;2026-07-27 17:12:17;12;Altro;İngilizce;Other / Another / More;altro;True;correct;Doğru;1.0;;1;True;27.07.2026_17.11.24_attempts.csv
20260727_171124;2026-07-27 17:12:20;13;Strada;İngilizce;Road / Street / Way;strada;True;correct;Doğru;1.0;;1;True;27.07.2026_17.11.24_attempts.csv
20260727_171124;2026-07-27 17:12:26;14;Durante;Türkçe;Sırasında / Boyunca;durante;True;correct;Doğru;1.0;;1;True;27.07.2026_17.11.24_attempts.csv
20260727_171124;2026-07-27 17:12:37;15;Presente;Türkçe;Mevcut / Şimdiki / Hazır bulunan;presente;True;correct;Doğru;1.0;;1;True;27.07.2026_17.11.24_attempts.csv
20260727_171124;2026-07-27 17:13:00;16;Altro;Türkçe;Başka / Diğer / Bir tane daha;altro;True;correct;Doğru;1.0;;1;True;27.07.2026_17.11.24_attempts.csv
20260727_171124;2026-07-27 17:13:07;17;Bisogno;Türkçe;İhtiyaç;bisogno;True;correct;Doğru;1.0;;1;True;27.07.2026_17.11.24_attempts.csv
20260727_171124;2026-07-27 17:13:29;18;Difficile;İngilizce;Difficult/Hard;difficile;True;correct;Doğru;1.0;;1;True;27.07.2026_17.11.24_attempts.csv
20260727_171124;2026-07-27 17:13:33;19;Difficile;Türkçe;Zor;difficile;True;correct;Doğru;1.0;;1;True;27.07.2026_17.11.24_attempts.csv
20260727_171124;2026-07-27 17:13:37;20;Cortese;İngilizce;Polite/ Courteous;cortese;True;correct;Doğru;1.0;;1;True;27.07.2026_17.11.24_attempts.csv
20260727_171124;2026-07-27 17:13:41;21;Indicare;İngilizce;To indicate / To point out;indicare;True;correct;Doğru;1.0;;1;True;27.07.2026_17.11.24_attempts.csv
20260727_171124;2026-07-27 17:13:45;22;Strada;Türkçe;Yol / Cadde / Sokak;strada;True;correct;Doğru;1.0;;1;True;27.07.2026_17.11.24_attempts.csv
20260727_171124;2026-07-27 17:13:51;23;Portare;İngilizce;To bring / To carry / To take;portare;True;correct;Doğru;1.0;;1;True;27.07.2026_17.11.24_attempts.csv
20260727_171124;2026-07-27 17:14:00;24;Sbagliato;Türkçe;Yanlış / Hatalı;sbagliato;True;correct;Doğru;1.0;;1;True;27.07.2026_17.11.24_attempts.csv
20260727_171124;2026-07-27 17:14:08;25;Azione;İngilizce;Action;azione;True;correct;Doğru;1.0;;1;True;27.07.2026_17.11.24_attempts.csv
20260727_171124;2026-07-27 17:14:11;26;Assenza;Türkçe;Yokluk / Bulunmama;assenza;True;correct;Doğru;1.0;;1;True;27.07.2026_17.11.24_attempts.csv
20260727_171124;2026-07-27 17:14:19;27;Trovare;Türkçe;Bulmak;trovare;True;correct;Doğru;1.0;;1;True;27.07.2026_17.11.24_attempts.csv
20260727_171124;2026-07-27 17:14:24;28;Indicare;Türkçe;Göstermek / Belirtmek;indicare;True;correct;Doğru;1.0;;1;True;27.07.2026_17.11.24_attempts.csv
20260727_171124;2026-07-27 17:14:27;29;Dormire;Türkçe;Uyumak;dormire;True;correct;Doğru;1.0;;1;True;27.07.2026_17.11.24_attempts.csv
20260727_171124;2026-07-27 17:14:36;30;Ricevere;Türkçe;Almak/ Teslim almak;ricevere;True;correct;Doğru;1.0;;1;True;27.07.2026_17.11.24_attempts.csv
20260727_171124;2026-07-27 17:14:39;31;Pensare;Türkçe;Düşünmek;pensare;True;correct;Doğru;1.0;;1;True;27.07.2026_17.11.24_attempts.csv
20260727_171124;2026-07-27 17:14:46;32;Azione;Türkçe;Aksiyon;azione;True;correct;Doğru;1.0;;1;True;27.07.2026_17.11.24_attempts.csv
20260727_171124;2026-07-27 17:14:50;33;Portare;Türkçe;Getirmek / Taşımak / Götürmek;portare;True;correct;Doğru;1.0;;1;True;27.07.2026_17.11.24_attempts.csv
20260727_171124;2026-07-27 17:14:55;34;Dormire;İngilizce;To sleep;dormire;True;correct;Doğru;1.0;;1;True;27.07.2026_17.11.24_attempts.csv
20260727_171124;2026-07-27 17:14:59;35;Durante;İngilizce;During;durante;True;correct;Doğru;1.0;;1;True;27.07.2026_17.11.24_attempts.csv
20260727_171124;2026-07-27 17:15:02;36;Mano;Türkçe;El;mano;True;correct;Doğru;1.0;;1;True;27.07.2026_17.11.24_attempts.csv
20260727_171124;2026-07-27 17:15:20;37;Tenere;İngilizce;To Hold / To Keep;tenere;True;correct;Doğru;1.0;;1;True;27.07.2026_17.11.24_attempts.csv
20260727_171124;2026-07-27 17:15:24;38;Sogno;İngilizce;Dream;sogno;True;correct;Doğru;1.0;;1;True;27.07.2026_17.11.24_attempts.csv
20260727_171124;2026-07-27 17:15:29;39;Ricevere;İngilizce;To recieve;ricevere;True;correct;Doğru;1.0;;1;True;27.07.2026_17.11.24_attempts.csv
20260727_171124;2026-07-27 17:15:33;40;Presente;İngilizce;Present / Current;presente;True;correct;Doğru;1.0;;1;True;27.07.2026_17.11.24_attempts.csv
20260727_171124;2026-07-27 17:15:39;41;Sbagliato;İngilizce;Wrong/Incorrect;sbagliato;True;correct;Doğru;1.0;;1;True;27.07.2026_17.11.24_attempts.csv
20260727_171124;2026-07-27 17:15:46;42;Tenere;Türkçe;Tutmak / korumak;tenere;True;correct;Doğru;1.0;;1;True;27.07.2026_17.11.24_attempts.csv
20260727_171553;2026-07-27 17:19:37;1;Andare;İngilizce;To go;andare;True;correct;Doğru;1.0;;1;True;27.07.2026_17.15.53_attempts.csv
20260727_171553;2026-07-27 17:20:47;2;Fare;Türkçe;Yapmak;fare;True;correct;Doğru;1.0;;1;True;27.07.2026_17.15.53_attempts.csv
20260727_171553;2026-07-27 17:20:54;3;Diverso;İngilizce;Different/various;diverso;True;correct;Doğru;1.0;;1;True;27.07.2026_17.15.53_attempts.csv
20260727_171553;2026-07-27 17:20:58;4;Prendere;İngilizce;To take/to get;prendere;True;correct;Doğru;1.0;;1;True;27.07.2026_17.15.53_attempts.csv
20260727_171553;2026-07-27 17:21:01;5;Felice;İngilizce;Happy;felice;True;correct;Doğru;1.0;;1;True;27.07.2026_17.15.53_attempts.csv
20260727_171553;2026-07-27 17:21:03;6;Andare;Türkçe;Gitmek;andare;True;correct;Doğru;1.0;;1;True;27.07.2026_17.15.53_attempts.csv
20260727_171553;2026-07-27 17:21:07;7;Parlare;Türkçe;Konuşmak;parlare;True;correct;Doğru;1.0;;1;True;27.07.2026_17.15.53_attempts.csv
20260727_171553;2026-07-27 17:22:12;8;Potere;İngilizce;Can/ to be able to;potare;False;spelling_error;Yazım hatası;0.833;;1;False;27.07.2026_17.15.53_attempts.csv
20260727_171553;2026-07-27 17:22:18;9;Volere;Türkçe;İstemek;volare;False;spelling_error;Yazım hatası;0.833;;1;False;27.07.2026_17.15.53_attempts.csv
20260727_171553;2026-07-27 17:22:20;10;Cambiare;Türkçe;Değiştirmek / Değişmek;;False;no_recall;Hatırlayamama / boş cevap;0.0;;1;False;27.07.2026_17.15.53_attempts.csv
20260727_171553;2026-07-27 17:22:25;11;Qualcosa;İngilizce;Something;qualcosa;True;correct;Doğru;1.0;;1;True;27.07.2026_17.15.53_attempts.csv
20260727_171553;2026-07-27 17:22:29;12;Cambiare;Türkçe;Değiştirmek / Değişmek;cambiare;True;correct;Doğru;1.0;;2;False;27.07.2026_17.15.53_attempts.csv
20260727_171553;2026-07-27 17:22:31;13;Vita;Türkçe;Hayat;vita;True;correct;Doğru;1.0;;1;True;27.07.2026_17.15.53_attempts.csv
20260727_171553;2026-07-27 17:22:37;14;Difficile;Türkçe;Zor;difficile;True;correct;Doğru;1.0;;1;True;27.07.2026_17.15.53_attempts.csv
20260727_171553;2026-07-27 17:22:41;15;Diverso;Türkçe;Farklı/Çeşitli;diverso;True;correct;Doğru;1.0;;1;True;27.07.2026_17.15.53_attempts.csv
20260727_171553;2026-07-27 17:22:47;16;Vivere;İngilizce;To live;vivere;True;correct;Doğru;1.0;;1;True;27.07.2026_17.15.53_attempts.csv
20260727_171553;2026-07-27 17:22:58;17;Avere;İngilizce;To have;avere;True;correct;Doğru;1.0;;1;True;27.07.2026_17.15.53_attempts.csv
20260727_171553;2026-07-27 17:23:03;18;Vorrei;İngilizce;I’d like;vorrei;True;correct;Doğru;1.0;;1;True;27.07.2026_17.15.53_attempts.csv
20260727_171553;2026-07-27 17:23:06;19;Volere;İngilizce;To want;volare;False;spelling_error;Yazım hatası;0.833;;1;False;27.07.2026_17.15.53_attempts.csv
20260727_171553;2026-07-27 17:23:09;20;Facile;İngilizce;Easy;;False;no_recall;Hatırlayamama / boş cevap;0.0;;1;False;27.07.2026_17.15.53_attempts.csv
20260727_171553;2026-07-27 17:23:14;21;Cambiare;İngilizce;To change;cambiare;True;correct;Doğru;1.0;;1;True;27.07.2026_17.15.53_attempts.csv
20260727_171553;2026-07-27 17:23:17;22;Rendere;İngilizce;To make/To render;rendere;True;correct;Doğru;1.0;;1;True;27.07.2026_17.15.53_attempts.csv
20260727_171553;2026-07-27 17:23:37;23;Facile;Türkçe;Kolay;facile;True;correct;Doğru;1.0;;1;True;27.07.2026_17.15.53_attempts.csv
20260727_171553;2026-07-27 17:23:45;24;Mezzo di trasporto;Türkçe;Ulaşım Aracı;mezzo di trasporto;True;correct;Doğru;1.0;;1;True;27.07.2026_17.15.53_attempts.csv
20260727_171553;2026-07-27 17:23:52;25;Potere;Türkçe;Yapabilmek;potere;True;correct;Doğru;1.0;;1;True;27.07.2026_17.15.53_attempts.csv
20260727_171553;2026-07-27 17:23:55;26;Rendere;Türkçe;Hale getirmek;rendere;True;correct;Doğru;1.0;;1;True;27.07.2026_17.15.53_attempts.csv
20260727_171553;2026-07-27 17:23:58;27;Senza;İngilizce;Without;senza;True;correct;Doğru;1.0;;1;True;27.07.2026_17.15.53_attempts.csv
20260727_171553;2026-07-27 17:24:01;28;Senza;Türkçe;-Sız/ -siz;senza;True;correct;Doğru;1.0;;1;True;27.07.2026_17.15.53_attempts.csv
20260727_171553;2026-07-27 17:24:04;29;Felice;Türkçe;Mutlu;felice;True;correct;Doğru;1.0;;1;True;27.07.2026_17.15.53_attempts.csv
20260727_171553;2026-07-27 17:24:10;30;Vivere;Türkçe;Yaşamak;vivere;True;correct;Doğru;1.0;;1;True;27.07.2026_17.15.53_attempts.csv
20260727_171553;2026-07-27 17:24:16;31;Mezzo di trasporto;İngilizce;Transportation;mezzo di trasporto;True;correct;Doğru;1.0;;1;True;27.07.2026_17.15.53_attempts.csv
20260727_171553;2026-07-27 17:24:19;32;Avere;Türkçe;Sahip olmak;avere;True;correct;Doğru;1.0;;1;True;27.07.2026_17.15.53_attempts.csv
20260727_171553;2026-07-27 17:24:22;33;Prendere;Türkçe;Almak/Binmek;prendere;True;correct;Doğru;1.0;;1;True;27.07.2026_17.15.53_attempts.csv
20260727_171553;2026-07-27 17:24:25;34;Vita;İngilizce;Life;vita;True;correct;Doğru;1.0;;1;True;27.07.2026_17.15.53_attempts.csv
20260727_171553;2026-07-27 17:24:27;35;Fare;İngilizce;To do/ to make;fare;True;correct;Doğru;1.0;;1;True;27.07.2026_17.15.53_attempts.csv
20260727_171553;2026-07-27 17:24:30;36;Dovere;İngilizce;Must/ to have to;dovere;True;correct;Doğru;1.0;;1;True;27.07.2026_17.15.53_attempts.csv
20260727_171553;2026-07-27 17:24:32;37;Qualcosa;Türkçe;Bir şey;;False;no_recall;Hatırlayamama / boş cevap;0.0;;1;False;27.07.2026_17.15.53_attempts.csv
20260727_171553;2026-07-27 17:24:36;38;Volere;İngilizce;To want;volere;True;correct;Doğru;1.0;;2;False;27.07.2026_17.15.53_attempts.csv
20260727_171553;2026-07-27 17:24:40;39;Volere;Türkçe;İstemek;volere;True;correct;Doğru;1.0;;2;False;27.07.2026_17.15.53_attempts.csv
20260727_171553;2026-07-27 17:24:43;40;Potere;İngilizce;Can/ to be able to;potere;True;correct;Doğru;1.0;;2;False;27.07.2026_17.15.53_attempts.csv
20260727_171553;2026-07-27 17:24:47;41;Vorrei;Türkçe;İsterdim / istiyorum;vorrei;True;correct;Doğru;1.0;;1;True;27.07.2026_17.15.53_attempts.csv
20260727_171553;2026-07-27 17:24:50;42;Difficile;İngilizce;Difficult/Hard;difficile;True;correct;Doğru;1.0;;1;True;27.07.2026_17.15.53_attempts.csv
20260727_171553;2026-07-27 17:24:53;43;Qualcosa;Türkçe;Bir şey;qualcosa;True;correct;Doğru;1.0;;2;False;27.07.2026_17.15.53_attempts.csv
20260727_171553;2026-07-27 17:24:56;44;Facile;İngilizce;Easy;facile;True;correct;Doğru;1.0;;2;False;27.07.2026_17.15.53_attempts.csv
20260727_171553;2026-07-27 17:25:00;45;Sapere;Türkçe;Bilmek;sapere;True;correct;Doğru;1.0;;1;True;27.07.2026_17.15.53_attempts.csv
20260727_171553;2026-07-27 17:25:03;46;Parlare;İngilizce;To speak;parlare;True;correct;Doğru;1.0;;1;True;27.07.2026_17.15.53_attempts.csv
20260727_171553;2026-07-27 17:25:06;47;Dovere;Türkçe;Zorunda olmak;dovere;True;correct;Doğru;1.0;;1;True;27.07.2026_17.15.53_attempts.csv
20260727_171553;2026-07-27 17:25:10;48;Sapere;İngilizce;To know;sapere;True;correct;Doğru;1.0;;1;True;27.07.2026_17.15.53_attempts.csv
20260728_104250;2026-07-28 10:42:56;1;Parlare;Türkçe;Konuşmak;parlare;True;correct;Doğru;1.0;;1;True;28.07.2026_10.42.50_attempts.csv
20260728_104250;2026-07-28 10:43:00;2;Senza;Türkçe;-Sız/ -siz;senza;True;correct;Doğru;1.0;;1;True;28.07.2026_10.42.50_attempts.csv
20260728_104250;2026-07-28 10:43:03;3;Vita;Türkçe;Hayat;vita;True;correct;Doğru;1.0;;1;True;28.07.2026_10.42.50_attempts.csv
20260728_104250;2026-07-28 10:43:08;4;Vivere;Türkçe;Yaşamak;vivere;True;correct;Doğru;1.0;;1;True;28.07.2026_10.42.50_attempts.csv
20260728_104250;2026-07-28 10:43:14;5;Diverso;Türkçe;Farklı/Çeşitli;diverso;True;correct;Doğru;1.0;;1;True;28.07.2026_10.42.50_attempts.csv
20260728_104250;2026-07-28 10:43:18;6;Fare;İngilizce;To do/ to make;fare;True;correct;Doğru;1.0;;1;True;28.07.2026_10.42.50_attempts.csv
20260728_104250;2026-07-28 10:43:23;7;Prendere;İngilizce;To take/to get;prendere;True;correct;Doğru;1.0;;1;True;28.07.2026_10.42.50_attempts.csv
20260728_104250;2026-07-28 10:43:27;8;Difficile;İngilizce;Difficult/Hard;difficile;True;correct;Doğru;1.0;;1;True;28.07.2026_10.42.50_attempts.csv
20260728_104250;2026-07-28 10:43:33;9;Potere;İngilizce;Can/ to be able to;potere;True;correct;Doğru;1.0;;1;True;28.07.2026_10.42.50_attempts.csv
20260728_104250;2026-07-28 10:43:37;10;Vorrei;İngilizce;I’d like;vorrei;True;correct;Doğru;1.0;;1;True;28.07.2026_10.42.50_attempts.csv
20260728_104250;2026-07-28 10:43:42;11;Fare;Türkçe;Yapmak;fare;True;correct;Doğru;1.0;;1;True;28.07.2026_10.42.50_attempts.csv
20260728_104250;2026-07-28 10:43:46;12;Rendere;İngilizce;To make/To render;rendere;True;correct;Doğru;1.0;;1;True;28.07.2026_10.42.50_attempts.csv
20260728_104250;2026-07-28 10:43:51;13;Sapere;Türkçe;Bilmek;sapere;True;correct;Doğru;1.0;;1;True;28.07.2026_10.42.50_attempts.csv
20260728_104250;2026-07-28 10:43:54;14;Vita;İngilizce;Life;vita;True;correct;Doğru;1.0;;1;True;28.07.2026_10.42.50_attempts.csv
20260728_104250;2026-07-28 10:44:05;15;Volere;Türkçe;İstemek;volere;True;correct;Doğru;1.0;;1;True;28.07.2026_10.42.50_attempts.csv
20260728_104250;2026-07-28 10:44:12;16;Rendere;Türkçe;Hale getirmek;rendere;True;correct;Doğru;1.0;;1;True;28.07.2026_10.42.50_attempts.csv
20260728_104250;2026-07-28 10:44:17;17;Qualcosa;Türkçe;Bir şey;qualcosa;True;correct;Doğru;1.0;;1;True;28.07.2026_10.42.50_attempts.csv
20260728_104250;2026-07-28 10:44:20;18;Andare;İngilizce;To go;andare;True;correct;Doğru;1.0;;1;True;28.07.2026_10.42.50_attempts.csv
20260728_104250;2026-07-28 10:44:24;19;Vorrei;Türkçe;İsterdim / istiyorum;vorrei;True;correct;Doğru;1.0;;1;True;28.07.2026_10.42.50_attempts.csv
20260728_104250;2026-07-28 10:44:28;20;Parlare;İngilizce;To speak;parlare;True;correct;Doğru;1.0;;1;True;28.07.2026_10.42.50_attempts.csv
20260728_104250;2026-07-28 10:44:32;21;Felice;İngilizce;Happy;felice;True;correct;Doğru;1.0;;1;True;28.07.2026_10.42.50_attempts.csv
20260728_104250;2026-07-28 10:44:35;22;Felice;Türkçe;Mutlu;felice;True;correct;Doğru;1.0;;1;True;28.07.2026_10.42.50_attempts.csv
20260728_104250;2026-07-28 10:44:43;23;Dovere;İngilizce;Must/ to have to;dovere;True;correct;Doğru;1.0;;1;True;28.07.2026_10.42.50_attempts.csv
20260728_104250;2026-07-28 10:44:50;24;Difficile;Türkçe;Zor;difficile;True;correct;Doğru;1.0;;1;True;28.07.2026_10.42.50_attempts.csv
20260728_104250;2026-07-28 10:44:53;25;Cambiare;İngilizce;To change;cambiare;True;correct;Doğru;1.0;;1;True;28.07.2026_10.42.50_attempts.csv
20260728_104250;2026-07-28 10:45:04;26;Mezzo di trasporto;Türkçe;Ulaşım Aracı;mezzo di trasporto;True;correct;Doğru;1.0;;1;True;28.07.2026_10.42.50_attempts.csv
20260728_104250;2026-07-28 10:45:08;27;Prendere;Türkçe;Almak/Binmek;prendere;True;correct;Doğru;1.0;;1;True;28.07.2026_10.42.50_attempts.csv
20260728_104250;2026-07-28 10:45:11;28;Volere;İngilizce;To want;volere;True;correct;Doğru;1.0;;1;True;28.07.2026_10.42.50_attempts.csv
20260728_104250;2026-07-28 10:45:15;29;Potere;Türkçe;Yapabilmek;potere;True;correct;Doğru;1.0;;1;True;28.07.2026_10.42.50_attempts.csv
20260728_104250;2026-07-28 10:45:19;30;Senza;İngilizce;Without;senza;True;correct;Doğru;1.0;;1;True;28.07.2026_10.42.50_attempts.csv
20260728_104250;2026-07-28 10:45:34;31;Sapere;İngilizce;To know;sapere;True;correct;Doğru;1.0;;1;True;28.07.2026_10.42.50_attempts.csv
20260728_104250;2026-07-28 10:45:39;32;Dovere;Türkçe;Zorunda olmak;dovere;True;correct;Doğru;1.0;;1;True;28.07.2026_10.42.50_attempts.csv
20260728_104250;2026-07-28 10:45:42;33;Vivere;İngilizce;To live;vivere;True;correct;Doğru;1.0;;1;True;28.07.2026_10.42.50_attempts.csv
20260728_104250;2026-07-28 10:46:01;34;Mezzo di trasporto;İngilizce;Transportation;mezzo di trasporto;True;correct;Doğru;1.0;;1;True;28.07.2026_10.42.50_attempts.csv
20260728_104250;2026-07-28 10:46:04;35;Andare;Türkçe;Gitmek;andare;True;correct;Doğru;1.0;;1;True;28.07.2026_10.42.50_attempts.csv
20260728_104250;2026-07-28 10:46:07;36;Cambiare;Türkçe;Değiştirmek / Değişmek;cambiare;True;correct;Doğru;1.0;;1;True;28.07.2026_10.42.50_attempts.csv
20260728_104250;2026-07-28 10:46:10;37;Avere;Türkçe;Sahip olmak;avere;True;correct;Doğru;1.0;;1;True;28.07.2026_10.42.50_attempts.csv
20260728_104250;2026-07-28 10:46:16;38;Qualcosa;İngilizce;Something;qualcosa;True;correct;Doğru;1.0;;1;True;28.07.2026_10.42.50_attempts.csv
20260728_104250;2026-07-28 10:46:20;39;Facile;Türkçe;Kolay;facile;True;correct;Doğru;1.0;;1;True;28.07.2026_10.42.50_attempts.csv
20260728_104250;2026-07-28 10:46:27;40;Diverso;İngilizce;Different/various;diverso;True;correct;Doğru;1.0;;1;True;28.07.2026_10.42.50_attempts.csv
20260728_104250;2026-07-28 10:46:32;41;Facile;İngilizce;Easy;facile;True;correct;Doğru;1.0;;1;True;28.07.2026_10.42.50_attempts.csv
20260728_104250;2026-07-28 10:46:35;42;Avere;İngilizce;To have;avere;True;correct;Doğru;1.0;;1;True;28.07.2026_10.42.50_attempts.csv
20260728_104649;2026-07-28 10:46:52;1;Essere;İngilizce;To be;essere;True;correct;Doğru;1.0;;1;True;28.07.2026_10.46.49_attempts.csv
20260728_104649;2026-07-28 10:46:58;2;Prima;Türkçe;Önce/Daha önce;prima;True;correct;Doğru;1.0;;1;True;28.07.2026_10.46.49_attempts.csv
20260728_104649;2026-07-28 10:47:01;3;Adesso;Türkçe;Şimdi;adesso;True;correct;Doğru;1.0;;1;True;28.07.2026_10.46.49_attempts.csv
20260728_104649;2026-07-28 10:47:04;4;Ieri;Türkçe;Dün;ieri;True;correct;Doğru;1.0;;1;True;28.07.2026_10.46.49_attempts.csv
20260728_104649;2026-07-28 10:47:07;5;Domani;Türkçe;Yarın;domani;True;correct;Doğru;1.0;;1;True;28.07.2026_10.46.49_attempts.csv
20260728_104649;2026-07-28 10:47:11;6;Adesso;İngilizce;Now;adesso;True;correct;Doğru;1.0;;1;True;28.07.2026_10.46.49_attempts.csv
20260728_104649;2026-07-28 10:47:16;7;Essere;Türkçe;Olmak;essere;True;correct;Doğru;1.0;;1;True;28.07.2026_10.46.49_attempts.csv
20260728_104649;2026-07-28 10:47:23;8;A Domani;İngilizce;See you tomorrow;A Domani;True;correct;Doğru;1.0;;1;True;28.07.2026_10.46.49_attempts.csv
20260728_104649;2026-07-28 10:47:31;9;Settimana;İngilizce;Week;settimana;True;correct;Doğru;1.0;;1;True;28.07.2026_10.46.49_attempts.csv
20260728_104649;2026-07-28 10:47:36;10;A Domani;Türkçe;Yarın Görüşürüz;A Domani;True;correct;Doğru;1.0;;1;True;28.07.2026_10.46.49_attempts.csv
20260728_104649;2026-07-28 10:47:40;11;Tempo;Türkçe;Zaman;tempo;True;correct;Doğru;1.0;;1;True;28.07.2026_10.46.49_attempts.csv
20260728_104649;2026-07-28 10:47:43;12;Domani;İngilizce;Tomorrow;domani;True;correct;Doğru;1.0;;1;True;28.07.2026_10.46.49_attempts.csv
20260728_104649;2026-07-28 10:47:46;13;Mese;Türkçe;Ay;mese;True;correct;Doğru;1.0;;1;True;28.07.2026_10.46.49_attempts.csv
20260728_104649;2026-07-28 10:47:49;14;Iniziare;Türkçe;Başlamak;iniziare;True;correct;Doğru;1.0;;1;True;28.07.2026_10.46.49_attempts.csv
20260728_104649;2026-07-28 10:47:57;15;Settimana;Türkçe;Hafta;settimana;True;correct;Doğru;1.0;;1;True;28.07.2026_10.46.49_attempts.csv
20260728_104649;2026-07-28 10:48:00;16;Mese;İngilizce;Month;mese;True;correct;Doğru;1.0;;1;True;28.07.2026_10.46.49_attempts.csv
20260728_104649;2026-07-28 10:48:03;17;Ieri;İngilizce;Yesterday;ieri;True;correct;Doğru;1.0;;1;True;28.07.2026_10.46.49_attempts.csv
20260728_104649;2026-07-28 10:48:06;18;Iniziare;İngilizce;To start/to begin;iniziare;True;correct;Doğru;1.0;;1;True;28.07.2026_10.46.49_attempts.csv
20260728_104649;2026-07-28 10:48:12;19;Tempo;İngilizce;Time;tempo;True;correct;Doğru;1.0;;1;True;28.07.2026_10.46.49_attempts.csv
20260728_104649;2026-07-28 10:48:20;20;Due anni fa;Türkçe;İki yıl önce;due anni fa;True;correct;Doğru;1.0;;1;True;28.07.2026_10.46.49_attempts.csv
20260728_104649;2026-07-28 10:48:24;21;Fine Settimana;Türkçe;Hafta sonu;fine settimana;True;correct;Doğru;1.0;;1;True;28.07.2026_10.46.49_attempts.csv
20260728_104649;2026-07-28 10:48:29;22;Due anni fa;İngilizce;Two years ago;due anni fa;True;correct;Doğru;1.0;;1;True;28.07.2026_10.46.49_attempts.csv
20260728_104649;2026-07-28 10:48:32;23;Dopo;İngilizce;After/Later;dopo;True;correct;Doğru;1.0;;1;True;28.07.2026_10.46.49_attempts.csv
20260728_104649;2026-07-28 10:48:35;24;Anno;Türkçe;Yıl;anno;True;correct;Doğru;1.0;;1;True;28.07.2026_10.46.49_attempts.csv
20260728_104649;2026-07-28 10:48:38;25;Dopo;Türkçe;Sonra;dopo;True;correct;Doğru;1.0;;1;True;28.07.2026_10.46.49_attempts.csv
20260728_104649;2026-07-28 10:48:47;26;Tra/Fra due anni;Türkçe;İki yıl sonra;Tra/Fra due anni;True;correct;Doğru;1.0;;1;True;28.07.2026_10.46.49_attempts.csv
20260728_104649;2026-07-28 10:48:58;27;Giorno;İngilizce;Day;giorno;True;correct;Doğru;1.0;;1;True;28.07.2026_10.46.49_attempts.csv
20260728_104649;2026-07-28 10:49:02;28;Ciao;Türkçe;Merhaba;ciao;True;correct;Doğru;1.0;;1;True;28.07.2026_10.46.49_attempts.csv
20260728_104649;2026-07-28 10:49:08;29;Oggi;İngilizce;Today;oggi;True;correct;Doğru;1.0;;1;True;28.07.2026_10.46.49_attempts.csv
20260728_104649;2026-07-28 10:49:11;30;Ciao;İngilizce;Hi;ciao;True;correct;Doğru;1.0;;1;True;28.07.2026_10.46.49_attempts.csv
20260728_104649;2026-07-28 10:49:24;31;Giorno;Türkçe;Gün;giorno;True;correct;Doğru;1.0;;1;True;28.07.2026_10.46.49_attempts.csv
20260728_104649;2026-07-28 10:49:28;32;Oggi;Türkçe;Bugün;oggi;True;correct;Doğru;1.0;;1;True;28.07.2026_10.46.49_attempts.csv
20260728_104649;2026-07-28 10:49:32;33;Fine Settimana;İngilizce;Weekend;fine settimana;True;correct;Doğru;1.0;;1;True;28.07.2026_10.46.49_attempts.csv
20260728_104649;2026-07-28 10:49:49;34;Tra/Fra due anni;İngilizce;In two years;Fra/Tra due anni;False;spelling_error;Yazım hatası;0.875;;1;False;28.07.2026_10.46.49_attempts.csv
20260728_104649;2026-07-28 10:50:08;35;Prima;İngilizce;Before/Earlier;prima;True;correct;Doğru;1.0;;1;True;28.07.2026_10.46.49_attempts.csv
20260728_104649;2026-07-28 10:50:12;36;Anno;İngilizce;Year;anno;True;correct;Doğru;1.0;;1;True;28.07.2026_10.46.49_attempts.csv
20260728_104649;2026-07-28 10:50:19;37;Tra/Fra due anni;İngilizce;In two years;Tra/Fra due anni;True;correct;Doğru;1.0;;2;False;28.07.2026_10.46.49_attempts.csv
20260728_105051;2026-07-28 10:50:58;1;Giovedi;Türkçe;Perşembe;giovedi;True;correct;Doğru;1.0;;1;True;28.07.2026_10.50.51_attempts.csv
20260728_105051;2026-07-28 10:51:02;2;Mercoledi;Türkçe;Çarşamba;mercoledi;True;correct;Doğru;1.0;;1;True;28.07.2026_10.50.51_attempts.csv
20260728_105051;2026-07-28 10:51:10;3;Martedi;Türkçe;Salı;martedi;True;correct;Doğru;1.0;;1;True;28.07.2026_10.50.51_attempts.csv
20260728_105051;2026-07-28 10:51:15;4;Domenica;Türkçe;Pazar;domenica;True;correct;Doğru;1.0;;1;True;28.07.2026_10.50.51_attempts.csv
20260728_105051;2026-07-28 10:51:18;5;Esempio;İngilizce;Example;esempio;True;correct;Doğru;1.0;;1;True;28.07.2026_10.50.51_attempts.csv
20260728_105051;2026-07-28 10:51:24;6;Significato;Türkçe;Anlam;significato;True;correct;Doğru;1.0;;1;True;28.07.2026_10.50.51_attempts.csv
20260728_105051;2026-07-28 10:51:31;7;Martedi;İngilizce;Tuesday;mattina;False;unknown_or_semantic_error;Bilinmeyen veya anlamsal hata;0.571;;1;False;28.07.2026_10.50.51_attempts.csv
20260728_105051;2026-07-28 10:51:39;8;Venerdi;Türkçe;Cuma;venerdi;True;correct;Doğru;1.0;;1;True;28.07.2026_10.50.51_attempts.csv
20260728_105051;2026-07-28 10:51:42;9;Domenica;İngilizce;Pazar;domenica;True;correct;Doğru;1.0;;1;True;28.07.2026_10.50.51_attempts.csv
20260728_105051;2026-07-28 10:51:46;10;Giovedi;İngilizce;Thursday;giovedi;True;correct;Doğru;1.0;;1;True;28.07.2026_10.50.51_attempts.csv
20260728_105051;2026-07-28 10:51:50;11;Martedi;İngilizce;Tuesday;martedi;True;correct;Doğru;1.0;;2;False;28.07.2026_10.50.51_attempts.csv
20260728_105051;2026-07-28 10:51:56;12;Frase;İngilizce;Sentence / Phrase;frase;True;correct;Doğru;1.0;;1;True;28.07.2026_10.50.51_attempts.csv
20260728_105051;2026-07-28 10:52:05;13;Il primo;Türkçe;Birinci / İlk / İlk yemek;Il primo;True;correct;Doğru;1.0;;1;True;28.07.2026_10.50.51_attempts.csv
20260728_105051;2026-07-28 10:52:10;14;Mercoledi;İngilizce;Wednesday;mercoledi;True;correct;Doğru;1.0;;1;True;28.07.2026_10.50.51_attempts.csv
20260728_105051;2026-07-28 10:52:15;15;Esempio;Türkçe;Örnek;esempio;True;correct;Doğru;1.0;;1;True;28.07.2026_10.50.51_attempts.csv
20260728_105051;2026-07-28 10:52:19;16;Lunedi;İngilizce;Monday;lunedi;True;correct;Doğru;1.0;;1;True;28.07.2026_10.50.51_attempts.csv
20260728_105051;2026-07-28 10:52:23;17;Fa caldo;Türkçe;Hava sıcak;Fa caldo;True;correct;Doğru;1.0;;1;True;28.07.2026_10.50.51_attempts.csv
20260728_105051;2026-07-28 10:52:34;18;Venerdi;İngilizce;Friday;venerdi;True;correct;Doğru;1.0;;1;True;28.07.2026_10.50.51_attempts.csv
20260728_105051;2026-07-28 10:52:39;19;Fa caldo;İngilizce;It is Hot;Fa caldo;True;correct;Doğru;1.0;;1;True;28.07.2026_10.50.51_attempts.csv
20260728_105051;2026-07-28 10:52:51;20;Il primo;İngilizce;The first / First course;Il primo;True;correct;Doğru;1.0;;1;True;28.07.2026_10.50.51_attempts.csv
20260728_105051;2026-07-28 10:52:58;21;Sabato;İngilizce;Saturday;sabato;True;correct;Doğru;1.0;;1;True;28.07.2026_10.50.51_attempts.csv
20260728_105051;2026-07-28 10:53:02;22;Frase;Türkçe;Cümle / İfade;frase;True;correct;Doğru;1.0;;1;True;28.07.2026_10.50.51_attempts.csv
20260728_105051;2026-07-28 10:53:10;23;Estata;İngilizce;Summer;estata;True;correct;Doğru;1.0;;1;True;28.07.2026_10.50.51_attempts.csv
20260728_105051;2026-07-28 10:53:16;24;Sentire;Türkçe;Duymak / Hissetmek;sentare;False;spelling_error;Yazım hatası;0.857;;1;False;28.07.2026_10.50.51_attempts.csv
20260728_105051;2026-07-28 10:53:23;25;Ancora;Türkçe;Hala / Tekrar / Daha;ancora;True;correct;Doğru;1.0;;1;True;28.07.2026_10.50.51_attempts.csv
20260728_105051;2026-07-28 10:53:28;26;Sentire;İngilizce;To hear / To feel;sentire;True;correct;Doğru;1.0;;1;True;28.07.2026_10.50.51_attempts.csv
20260728_105051;2026-07-28 10:53:33;27;Anche;İngilizce;Also / Too / Even;anche;True;correct;Doğru;1.0;;1;True;28.07.2026_10.50.51_attempts.csv
20260728_105051;2026-07-28 10:53:39;28;Lunedi;Türkçe;Pazartesi;lunedi;True;correct;Doğru;1.0;;1;True;28.07.2026_10.50.51_attempts.csv
20260728_105051;2026-07-28 10:53:43;29;Sentire;Türkçe;Duymak / Hissetmek;sentire;True;correct;Doğru;1.0;;2;False;28.07.2026_10.50.51_attempts.csv
20260728_105051;2026-07-28 10:53:46;30;Estata;Türkçe;Yaz;estata;True;correct;Doğru;1.0;;1;True;28.07.2026_10.50.51_attempts.csv
20260728_105051;2026-07-28 10:53:57;31;Anche;Türkçe;Ayrıca / De, da / Bile;anche;True;correct;Doğru;1.0;;1;True;28.07.2026_10.50.51_attempts.csv
20260728_105051;2026-07-28 10:54:56;32;Ancora;İngilizce;Still / Again / More;ancora;True;correct;Doğru;1.0;;1;True;28.07.2026_10.50.51_attempts.csv
20260728_105051;2026-07-28 10:55:12;33;Significato;İngilizce;Meaning;significato;True;correct;Doğru;1.0;;1;True;28.07.2026_10.50.51_attempts.csv
20260728_105051;2026-07-28 10:55:17;34;Sabato;Türkçe;Cumartesi;sabato;True;correct;Doğru;1.0;;1;True;28.07.2026_10.50.51_attempts.csv
20260729_190513;2026-07-29 19:05:18;1;Martedi;Türkçe;Salı;martedi;True;correct;Doğru;1.0;;1;True;29.07.2026_19.05.13_attempts.csv
20260729_190513;2026-07-29 19:05:22;2;Mercoledi;İngilizce;Wednesday;mercoledi;True;correct;Doğru;1.0;;1;True;29.07.2026_19.05.13_attempts.csv
20260729_190513;2026-07-29 19:05:25;3;Sentire;Türkçe;Duymak / Hissetmek;sentire;True;correct;Doğru;1.0;;1;True;29.07.2026_19.05.13_attempts.csv
20260729_190513;2026-07-29 19:05:29;4;Esempio;Türkçe;Örnek;esempio;True;correct;Doğru;1.0;;1;True;29.07.2026_19.05.13_attempts.csv
20260729_190513;2026-07-29 19:05:37;5;Il primo;İngilizce;The first / First course;Il primo;True;correct;Doğru;1.0;;1;True;29.07.2026_19.05.13_attempts.csv
20260729_190513;2026-07-29 19:05:41;6;Sentire;İngilizce;To hear / To feel;sentire;True;correct;Doğru;1.0;;1;True;29.07.2026_19.05.13_attempts.csv
20260729_190513;2026-07-29 19:05:47;7;Martedi;İngilizce;Tuesday;martedi;True;correct;Doğru;1.0;;1;True;29.07.2026_19.05.13_attempts.csv
20260729_190513;2026-07-29 19:05:51;8;Domenica;Türkçe;Pazar;domenica;True;correct;Doğru;1.0;;1;True;29.07.2026_19.05.13_attempts.csv
20260729_190513;2026-07-29 19:05:55;9;Domenica;İngilizce;Pazar;domenica;True;correct;Doğru;1.0;;1;True;29.07.2026_19.05.13_attempts.csv
20260729_190513;2026-07-29 19:05:58;10;Lunedi;Türkçe;Pazartesi;lunedi;True;correct;Doğru;1.0;;1;True;29.07.2026_19.05.13_attempts.csv
20260729_190513;2026-07-29 19:06:26;11;Ancora;İngilizce;Still / Again / More;ancora;True;correct;Doğru;1.0;;1;True;29.07.2026_19.05.13_attempts.csv
20260729_190513;2026-07-29 19:06:30;12;Fa caldo;Türkçe;Hava sıcak;fa caldo;True;correct;Doğru;1.0;;1;True;29.07.2026_19.05.13_attempts.csv
20260729_190513;2026-07-29 19:07:55;13;Significato;İngilizce;Meaning;sensazione;False;unknown_or_semantic_error;Bilinmeyen veya anlamsal hata;0.381;;1;False;29.07.2026_19.05.13_attempts.csv
20260729_190513;2026-07-29 19:08:02;14;Lunedi;İngilizce;Monday;lunedi;True;correct;Doğru;1.0;;1;True;29.07.2026_19.05.13_attempts.csv
20260729_190513;2026-07-29 19:08:06;15;Luogo;Türkçe;Yer / mekan;luogo;True;correct;Doğru;1.0;;1;True;29.07.2026_19.05.13_attempts.csv
20260729_190513;2026-07-29 19:08:11;16;Venerdi;İngilizce;Friday;venerdi;True;correct;Doğru;1.0;;1;True;29.07.2026_19.05.13_attempts.csv
20260729_190513;2026-07-29 19:08:15;17;Estata;Türkçe;Yaz;estata;True;correct;Doğru;1.0;;1;True;29.07.2026_19.05.13_attempts.csv
20260729_190513;2026-07-29 19:08:19;18;Frase;İngilizce;Sentence / Phrase;frase;True;correct;Doğru;1.0;;1;True;29.07.2026_19.05.13_attempts.csv
20260729_190513;2026-07-29 19:08:23;19;Esempio;İngilizce;Example;esempio;True;correct;Doğru;1.0;;1;True;29.07.2026_19.05.13_attempts.csv
20260729_190513;2026-07-29 19:08:26;20;Luogo;İngilizce;Place / Location;luogo;True;correct;Doğru;1.0;;1;True;29.07.2026_19.05.13_attempts.csv
20260729_190513;2026-07-29 19:08:31;21;Mercoledi;Türkçe;Çarşamba;mercoledi;True;correct;Doğru;1.0;;1;True;29.07.2026_19.05.13_attempts.csv
20260729_190513;2026-07-29 19:08:35;22;Giovedi;İngilizce;Thursday;giovedi;True;correct;Doğru;1.0;;1;True;29.07.2026_19.05.13_attempts.csv
20260729_190513;2026-07-29 19:08:38;23;Venerdi;Türkçe;Cuma;venerdi;True;correct;Doğru;1.0;;1;True;29.07.2026_19.05.13_attempts.csv
20260729_190513;2026-07-29 19:08:42;24;Giovedi;Türkçe;Perşembe;giovedi;True;correct;Doğru;1.0;;1;True;29.07.2026_19.05.13_attempts.csv
20260729_190513;2026-07-29 19:08:45;25;Insieme;İngilizce;Together;insieme;True;correct;Doğru;1.0;;1;True;29.07.2026_19.05.13_attempts.csv
20260729_190513;2026-07-29 19:08:50;26;Anche;Türkçe;Ayrıca / De, da / Bile;anche;True;correct;Doğru;1.0;;1;True;29.07.2026_19.05.13_attempts.csv
20260729_190513;2026-07-29 19:08:57;27;Significato;İngilizce;Meaning;sigificato;False;spelling_error;Yazım hatası;0.952;;2;False;29.07.2026_19.05.13_attempts.csv
20260729_190513;2026-07-29 19:09:06;28;Sabato;Türkçe;Cumartesi;;False;no_recall;Hatırlayamama / boş cevap;0.0;;1;False;29.07.2026_19.05.13_attempts.csv
20260729_190513;2026-07-29 19:09:11;29;Fa caldo;İngilizce;It is Hot;;False;no_recall;Hatırlayamama / boş cevap;0.0;;1;False;29.07.2026_19.05.13_attempts.csv
20260729_190513;2026-07-29 19:09:21;30;Sabato;İngilizce;Saturday;sabato;True;correct;Doğru;1.0;;1;True;29.07.2026_19.05.13_attempts.csv
20260729_190513;2026-07-29 19:09:26;31;Ancora;Türkçe;Hala / Tekrar / Daha;ancora;True;correct;Doğru;1.0;;1;True;29.07.2026_19.05.13_attempts.csv
20260729_190513;2026-07-29 19:09:32;32;Il primo;Türkçe;Birinci / İlk / İlk yemek;Il primo;True;correct;Doğru;1.0;;1;True;29.07.2026_19.05.13_attempts.csv
20260729_190513;2026-07-29 19:09:37;33;Anche;İngilizce;Also / Too / Even;anche;True;correct;Doğru;1.0;;1;True;29.07.2026_19.05.13_attempts.csv
20260729_190513;2026-07-29 19:09:46;34;Rimanere;Türkçe;Kalmak;stare;False;unknown_or_semantic_error;Bilinmeyen veya anlamsal hata;0.462;;1;False;29.07.2026_19.05.13_attempts.csv
20260729_190513;2026-07-29 19:09:51;35;Sabato;Türkçe;Cumartesi;sabato;True;correct;Doğru;1.0;;2;False;29.07.2026_19.05.13_attempts.csv
20260729_190513;2026-07-29 19:09:58;36;Rimanere;Türkçe;Kalmak;rimanare;False;spelling_error;Yazım hatası;0.875;;2;False;29.07.2026_19.05.13_attempts.csv
20260729_190513;2026-07-29 19:10:04;37;Rimanere;İngilizce;To stay / To remain;rimanere;True;correct;Doğru;1.0;;1;True;29.07.2026_19.05.13_attempts.csv
20260729_190513;2026-07-29 19:10:08;38;Insieme;Türkçe;Birlikte;insieme;True;correct;Doğru;1.0;;1;True;29.07.2026_19.05.13_attempts.csv
20260729_190513;2026-07-29 19:10:14;39;Significato;Türkçe;Anlam;significato;True;correct;Doğru;1.0;;1;True;29.07.2026_19.05.13_attempts.csv
20260729_190513;2026-07-29 19:10:17;40;Estata;İngilizce;Summer;estata;True;correct;Doğru;1.0;;1;True;29.07.2026_19.05.13_attempts.csv
20260729_190513;2026-07-29 19:10:20;41;Fa caldo;İngilizce;It is Hot;fa caldo;True;correct;Doğru;1.0;;2;False;29.07.2026_19.05.13_attempts.csv
20260729_190513;2026-07-29 19:10:30;42;Rimanere;Türkçe;Kalmak;rimanere;True;correct;Doğru;1.0;;3;False;29.07.2026_19.05.13_attempts.csv
20260729_190513;2026-07-29 19:10:37;43;Significato;İngilizce;Meaning;significato;True;correct;Doğru;1.0;;3;False;29.07.2026_19.05.13_attempts.csv
20260729_190513;2026-07-29 19:10:41;44;Frase;Türkçe;Cümle / İfade;frase;True;correct;Doğru;1.0;;1;True;29.07.2026_19.05.13_attempts.csv
20260802_005340;2026-08-02 00:54:07;1;Sentire;İngilizce;To hear / To feel;sentire;True;correct;Doğru;1.0;;1;True;02.08.2026_00.53.40_attempts.csv
20260802_005340;2026-08-02 00:54:15;2;Ancora;İngilizce;Still / Again / More;ancora;True;correct;Doğru;1.0;;1;True;02.08.2026_00.53.40_attempts.csv
20260802_005340;2026-08-02 00:54:23;3;Rimanere;Türkçe;Kalmak;rimenare;False;spelling_error;Yazım hatası;0.75;;1;False;02.08.2026_00.53.40_attempts.csv
20260802_005340;2026-08-02 00:54:33;4;Sabato;Türkçe;Cumartesi;sabato;True;correct;Doğru;1.0;;1;True;02.08.2026_00.53.40_attempts.csv
20260802_005340;2026-08-02 00:54:40;5;Anche;Türkçe;Ayrıca / De, da / Bile;anche;True;correct;Doğru;1.0;;1;True;02.08.2026_00.53.40_attempts.csv
20260802_005340;2026-08-02 00:54:44;6;Giovedi;İngilizce;Thursday;giovedi;True;correct;Doğru;1.0;;1;True;02.08.2026_00.53.40_attempts.csv
20260802_005340;2026-08-02 00:54:50;7;Venerdi;Türkçe;Cuma;venerdi;True;correct;Doğru;1.0;;1;True;02.08.2026_00.53.40_attempts.csv
20260802_005340;2026-08-02 00:54:54;8;Domenica;Türkçe;Pazar;domenica;True;correct;Doğru;1.0;;1;True;02.08.2026_00.53.40_attempts.csv
20260802_005340;2026-08-02 00:54:58;9;Luogo;Türkçe;Yer / mekan;luogo;True;correct;Doğru;1.0;;1;True;02.08.2026_00.53.40_attempts.csv
20260802_005340;2026-08-02 00:55:02;10;Mercoledi;İngilizce;Wednesday;mercoledi;True;correct;Doğru;1.0;;1;True;02.08.2026_00.53.40_attempts.csv
20260802_005340;2026-08-02 00:55:10;11;Il primo;Türkçe;Birinci / İlk / İlk yemek;Il primo;True;correct;Doğru;1.0;;1;True;02.08.2026_00.53.40_attempts.csv
20260802_005340;2026-08-02 00:55:15;12;Insieme;Türkçe;Birlikte;insieme;True;correct;Doğru;1.0;;1;True;02.08.2026_00.53.40_attempts.csv
20260802_005340;2026-08-02 00:55:21;13;Significato;İngilizce;Meaning;significato;True;correct;Doğru;1.0;;1;True;02.08.2026_00.53.40_attempts.csv
20260802_005340;2026-08-02 00:55:55;14;Esempio;İngilizce;Example;esempio;True;correct;Doğru;1.0;;1;True;02.08.2026_00.53.40_attempts.csv
20260802_005340;2026-08-02 00:55:59;15;Fa caldo;İngilizce;It is Hot;fa caldo;True;correct;Doğru;1.0;;1;True;02.08.2026_00.53.40_attempts.csv
20260802_005340;2026-08-02 00:56:06;16;Martedi;Türkçe;Salı;martedi;True;correct;Doğru;1.0;;1;True;02.08.2026_00.53.40_attempts.csv
20260802_005340;2026-08-02 00:56:10;17;Esempio;Türkçe;Örnek;esempio;True;correct;Doğru;1.0;;1;True;02.08.2026_00.53.40_attempts.csv
20260802_005340;2026-08-02 00:56:22;18;Stesso;Türkçe;Aynı;stesso;True;correct;Doğru;1.0;;1;True;02.08.2026_00.53.40_attempts.csv
20260802_005340;2026-08-02 00:56:28;19;Mercoledi;Türkçe;Çarşamba;mercoledi;True;correct;Doğru;1.0;;1;True;02.08.2026_00.53.40_attempts.csv
20260802_005340;2026-08-02 00:56:31;20;Venerdi;İngilizce;Friday;venerdi;True;correct;Doğru;1.0;;1;True;02.08.2026_00.53.40_attempts.csv
20260802_005340;2026-08-02 00:56:36;21;Frase;Türkçe;Cümle / İfade;frase;True;correct;Doğru;1.0;;1;True;02.08.2026_00.53.40_attempts.csv
20260802_005340;2026-08-02 00:56:40;22;Ancora;Türkçe;Hala / Tekrar / Daha;ancora;True;correct;Doğru;1.0;;1;True;02.08.2026_00.53.40_attempts.csv
20260802_005340;2026-08-02 00:56:45;23;Anche;İngilizce;Also / Too / Even;anche;True;correct;Doğru;1.0;;1;True;02.08.2026_00.53.40_attempts.csv
20260802_005340;2026-08-02 00:56:51;24;Rimanere;İngilizce;To stay / To remain;rimenere;False;spelling_error;Yazım hatası;0.875;;1;False;02.08.2026_00.53.40_attempts.csv
20260802_005340;2026-08-02 00:57:06;25;Martedi;İngilizce;Tuesday;martedi;True;correct;Doğru;1.0;;1;True;02.08.2026_00.53.40_attempts.csv
20260802_005340;2026-08-02 00:57:09;26;Stesso;İngilizce;Same;stesso;True;correct;Doğru;1.0;;1;True;02.08.2026_00.53.40_attempts.csv
20260802_005340;2026-08-02 00:57:14;27;Significato;Türkçe;Anlam;significato;True;correct;Doğru;1.0;;1;True;02.08.2026_00.53.40_attempts.csv
20260802_005340;2026-08-02 00:57:19;28;Giovedi;Türkçe;Perşembe;giovedi;True;correct;Doğru;1.0;;1;True;02.08.2026_00.53.40_attempts.csv
20260802_005340;2026-08-02 00:57:23;29;Sentire;Türkçe;Duymak / Hissetmek;sentire;True;correct;Doğru;1.0;;1;True;02.08.2026_00.53.40_attempts.csv
20260802_005340;2026-08-02 00:57:33;30;Estata;İngilizce;Summer;estata;True;correct;Doğru;1.0;;1;True;02.08.2026_00.53.40_attempts.csv
20260802_005340;2026-08-02 00:57:37;31;Sabato;İngilizce;Saturday;sabato;True;correct;Doğru;1.0;;1;True;02.08.2026_00.53.40_attempts.csv
20260802_005340;2026-08-02 00:57:44;32;Lunedi;Türkçe;Pazartesi;lunedi;True;correct;Doğru;1.0;;1;True;02.08.2026_00.53.40_attempts.csv
20260802_005340;2026-08-02 00:57:51;33;Insieme;İngilizce;Together;insieme;True;correct;Doğru;1.0;;1;True;02.08.2026_00.53.40_attempts.csv
20260802_005340;2026-08-02 00:57:59;34;Il primo;İngilizce;The first / First course;Il primo;True;correct;Doğru;1.0;;1;True;02.08.2026_00.53.40_attempts.csv
20260802_005340;2026-08-02 00:58:03;35;Domenica;İngilizce;Pazar;domenica;True;correct;Doğru;1.0;;1;True;02.08.2026_00.53.40_attempts.csv
20260802_005340;2026-08-02 00:58:08;36;Estata;Türkçe;Yaz;estata;True;correct;Doğru;1.0;;1;True;02.08.2026_00.53.40_attempts.csv
20260802_005340;2026-08-02 00:58:13;37;Lunedi;İngilizce;Monday;lunedi;True;correct;Doğru;1.0;;1;True;02.08.2026_00.53.40_attempts.csv
20260802_005340;2026-08-02 00:58:19;38;Fa caldo;Türkçe;Hava sıcak;fa caldo;True;correct;Doğru;1.0;;1;True;02.08.2026_00.53.40_attempts.csv
20260802_005340;2026-08-02 00:58:24;39;Rimanere;İngilizce;To stay / To remain;rimanere;True;correct;Doğru;1.0;;2;False;02.08.2026_00.53.40_attempts.csv
20260802_005340;2026-08-02 00:58:28;40;Luogo;İngilizce;Place / Location;luogo;True;correct;Doğru;1.0;;1;True;02.08.2026_00.53.40_attempts.csv
20260802_005340;2026-08-02 00:58:32;41;Frase;İngilizce;Sentence / Phrase;frase;True;correct;Doğru;1.0;;1;True;02.08.2026_00.53.40_attempts.csv
20260802_005340;2026-08-02 00:58:35;42;Rimanere;Türkçe;Kalmak;rimanere;True;correct;Doğru;1.0;;2;False;02.08.2026_00.53.40_attempts.csv
20260802_005956;2026-08-02 01:00:02;1;Puoi farmi;İngilizce;Can you make/do … for me;puoi farmi;True;correct;Doğru;1.0;;1;True;02.08.2026_00.59.56_attempts.csv
20260802_005956;2026-08-02 01:00:08;2;Dai;Türkçe;Haydi / Hadi ama;dai;True;correct;Doğru;1.0;;1;True;02.08.2026_00.59.56_attempts.csv
20260802_005956;2026-08-02 01:01:26;3;Sensazione;Türkçe;His / Duygu / İzlenim;sensazare;False;unknown_or_semantic_error;Bilinmeyen veya anlamsal hata;0.737;;1;False;02.08.2026_00.59.56_attempts.csv
20260802_005956;2026-08-02 01:01:37;4;Sensazione;İngilizce;Feeling / Sensation;sensazione;True;correct;Doğru;1.0;;1;True;02.08.2026_00.59.56_attempts.csv
20260802_005956;2026-08-02 01:01:40;5;Dai;İngilizce;Come on / Go on;dai;True;correct;Doğru;1.0;;1;True;02.08.2026_00.59.56_attempts.csv
20260802_005956;2026-08-02 01:01:56;6;Spiegare;İngilizce;To explain;spiegere;False;spelling_error;Yazım hatası;0.875;;1;False;02.08.2026_00.59.56_attempts.csv
20260802_005956;2026-08-02 01:02:06;7;Sperare;Türkçe;Ummak / Ümit etmek;;False;no_recall;Hatırlayamama / boş cevap;0.0;;1;False;02.08.2026_00.59.56_attempts.csv
20260802_005956;2026-08-02 01:02:12;8;Spiegare;İngilizce;To explain;sbiegare;False;spelling_error;Yazım hatası;0.875;;2;False;02.08.2026_00.59.56_attempts.csv
20260802_005956;2026-08-02 01:02:22;9;Quanto;Türkçe;Ne kadar / Kaç tane;;False;no_recall;Hatırlayamama / boş cevap;0.0;;1;False;02.08.2026_00.59.56_attempts.csv
20260802_005956;2026-08-02 01:02:28;10;Scorsa;İngilizce;Last / Previous;scorsa;True;correct;Doğru;1.0;;1;True;02.08.2026_00.59.56_attempts.csv
20260802_005956;2026-08-02 01:02:34;11;Ovviamente;Türkçe;Açıkçası / Elbette;ovviamente;True;correct;Doğru;1.0;;1;True;02.08.2026_00.59.56_attempts.csv
20260802_005956;2026-08-02 01:02:40;12;Non riesco;Türkçe;Başaramıyorum / Yapamıyorum;non riesco;True;correct;Doğru;1.0;;1;True;02.08.2026_00.59.56_attempts.csv
20260802_005956;2026-08-02 01:02:50;13;Semplice;İngilizce;Simple / Easy;semplimente;False;unknown_or_semantic_error;Bilinmeyen veya anlamsal hata;0.737;;1;False;02.08.2026_00.59.56_attempts.csv
20260802_005956;2026-08-02 01:03:04;14;Sperare;Türkçe;Ummak / Ümit etmek;sperare;True;correct;Doğru;1.0;;2;False;02.08.2026_00.59.56_attempts.csv
20260802_005956;2026-08-02 01:03:08;15;In piu;İngilizce;In addition / More;in piu;True;correct;Doğru;1.0;;1;True;02.08.2026_00.59.56_attempts.csv
20260802_005956;2026-08-02 01:03:14;16;Semplice;Türkçe;Basit / Sade;semplice;True;correct;Doğru;1.0;;1;True;02.08.2026_00.59.56_attempts.csv
20260802_005956;2026-08-02 01:03:20;17;Non riesco;İngilizce;I can’t manage / Im unable;non riesco;True;correct;Doğru;1.0;;1;True;02.08.2026_00.59.56_attempts.csv
20260802_005956;2026-08-02 01:03:29;18;Anche se;Türkçe;Olsa bile / Her ne kadar;anche se;True;correct;Doğru;1.0;;1;True;02.08.2026_00.59.56_attempts.csv
20260802_005956;2026-08-02 01:03:33;19;Ovviamente;İngilizce;Obviously / Of course;ovviamente;True;correct;Doğru;1.0;;1;True;02.08.2026_00.59.56_attempts.csv
20260802_005956;2026-08-02 01:03:37;20;Camminare;Türkçe;Yürümek;camminare;True;correct;Doğru;1.0;;1;True;02.08.2026_00.59.56_attempts.csv
20260802_005956;2026-08-02 01:03:41;21;Scorsa;Türkçe;Geçen / Önceki;scorsa;True;correct;Doğru;1.0;;1;True;02.08.2026_00.59.56_attempts.csv
20260802_005956;2026-08-02 01:03:47;22;Spiegare;İngilizce;To explain;spiegare;True;correct;Doğru;1.0;;3;False;02.08.2026_00.59.56_attempts.csv
20260802_005956;2026-08-02 01:04:07;23;Quindi;Türkçe;Bu yüzden / dolayısıyla / O halde;in puoi;False;unknown_or_semantic_error;Bilinmeyen veya anlamsal hata;0.462;;1;False;02.08.2026_00.59.56_attempts.csv
20260802_005956;2026-08-02 01:04:19;24;Puoi farmi;Türkçe;Bana … yapabilir misin;aa;False;unknown_or_semantic_error;Bilinmeyen veya anlamsal hata;0.167;;1;False;02.08.2026_00.59.56_attempts.csv
20260802_005956;2026-08-02 01:04:31;25;Camminare;İngilizce;To walk;;False;no_recall;Hatırlayamama / boş cevap;0.0;;1;False;02.08.2026_00.59.56_attempts.csv
20260802_005956;2026-08-02 01:04:36;26;Dire;Türkçe;Söylemek / Demek;dire;True;correct;Doğru;1.0;;1;True;02.08.2026_00.59.56_attempts.csv
20260802_005956;2026-08-02 01:04:59;27;Anche se;İngilizce;Even if / Although;anche se;True;correct;Doğru;1.0;;1;True;02.08.2026_00.59.56_attempts.csv
20260802_005956;2026-08-02 01:05:15;28;Fino;Türkçe;-e kadar / -a kadar;fino;True;correct;Doğru;1.0;;1;True;02.08.2026_00.59.56_attempts.csv
20260802_005956;2026-08-02 01:05:20;29;Aggiungere;İngilizce;To add;aggiungere;True;correct;Doğru;1.0;;1;True;02.08.2026_00.59.56_attempts.csv
20260802_005956;2026-08-02 01:05:26;30;Semplice;İngilizce;Simple / Easy;semplice;True;correct;Doğru;1.0;;2;False;02.08.2026_00.59.56_attempts.csv
20260802_005956;2026-08-02 01:05:31;31;Aggiungere;Türkçe;Eklemek;agguingere;False;spelling_error;Yazım hatası;0.9;;1;False;02.08.2026_00.59.56_attempts.csv
20260802_005956;2026-08-02 01:05:39;32;Quindi;İngilizce;So / Therefore / Then;quindi;True;correct;Doğru;1.0;;1;True;02.08.2026_00.59.56_attempts.csv
20260802_005956;2026-08-02 01:05:55;33;Sensazione;Türkçe;His / Duygu / İzlenim;sensazione;True;correct;Doğru;1.0;;2;False;02.08.2026_00.59.56_attempts.csv
20260802_005956;2026-08-02 01:06:02;34;Puoi farmi;Türkçe;Bana … yapabilir misin;puoi farmi;True;correct;Doğru;1.0;;2;False;02.08.2026_00.59.56_attempts.csv
20260802_005956;2026-08-02 01:06:04;35;Dire;İngilizce;To say / To tell;dire;True;correct;Doğru;1.0;;1;True;02.08.2026_00.59.56_attempts.csv
20260802_005956;2026-08-02 01:06:12;36;Quanto;Türkçe;Ne kadar / Kaç tane;quanto;True;correct;Doğru;1.0;;2;False;02.08.2026_00.59.56_attempts.csv
20260802_005956;2026-08-02 01:06:19;37;Quindi;Türkçe;Bu yüzden / dolayısıyla / O halde;quindi;True;correct;Doğru;1.0;;2;False;02.08.2026_00.59.56_attempts.csv
20260802_005956;2026-08-02 01:06:28;38;In piu;Türkçe;Ayrıca / Ek olarak;in piu;True;correct;Doğru;1.0;;1;True;02.08.2026_00.59.56_attempts.csv
20260802_005956;2026-08-02 01:06:38;39;Fino;İngilizce;Until / Up to / As far as;fino;True;correct;Doğru;1.0;;1;True;02.08.2026_00.59.56_attempts.csv
20260802_005956;2026-08-02 01:08:29;40;Quanto;İngilizce;How much / How many / As much as;quanto;True;correct;Doğru;1.0;;1;True;02.08.2026_00.59.56_attempts.csv
20260802_005956;2026-08-02 01:08:33;41;Camminare;İngilizce;To walk;camminare;True;correct;Doğru;1.0;;2;False;02.08.2026_00.59.56_attempts.csv
20260802_005956;2026-08-02 01:08:39;42;Spiegare;Türkçe;Açıklamak;speigare;False;spelling_error;Yazım hatası;0.875;;1;False;02.08.2026_00.59.56_attempts.csv
20260802_005956;2026-08-02 01:09:15;43;Sperare;İngilizce;To hope;sperare;True;correct;Doğru;1.0;;1;True;02.08.2026_00.59.56_attempts.csv
20260802_005956;2026-08-02 01:09:22;44;Spiegare;Türkçe;Açıklamak;spiegare;True;correct;Doğru;1.0;;2;False;02.08.2026_00.59.56_attempts.csv
20260802_005956;2026-08-02 01:09:28;45;Aggiungere;Türkçe;Eklemek;aggiungere;True;correct;Doğru;1.0;;2;False;02.08.2026_00.59.56_attempts.csv
20260802_010934;2026-08-02 01:09:39;1;Non riesco;Türkçe;Başaramıyorum / Yapamıyorum;non riesco;True;correct;Doğru;1.0;;1;True;02.08.2026_01.09.34_attempts.csv
20260802_010934;2026-08-02 01:09:59;2;Sperare;Türkçe;Ummak / Ümit etmek;sperare;True;correct;Doğru;1.0;;1;True;02.08.2026_01.09.34_attempts.csv
20260802_010934;2026-08-02 01:10:06;3;In piu;İngilizce;In addition / More;in piu;True;correct;Doğru;1.0;;1;True;02.08.2026_01.09.34_attempts.csv
20260802_010934;2026-08-02 01:10:11;4;Sensazione;İngilizce;Feeling / Sensation;sensazione;True;correct;Doğru;1.0;;1;True;02.08.2026_01.09.34_attempts.csv
20260802_010934;2026-08-02 01:10:17;5;Aggiungere;Türkçe;Eklemek;aggiungere;True;correct;Doğru;1.0;;1;True;02.08.2026_01.09.34_attempts.csv
20260802_010934;2026-08-02 01:10:23;6;Sensazione;Türkçe;His / Duygu / İzlenim;sensazione;True;correct;Doğru;1.0;;1;True;02.08.2026_01.09.34_attempts.csv
20260802_010934;2026-08-02 01:10:29;7;Scorsa;Türkçe;Geçen / Önceki;scorsa;True;correct;Doğru;1.0;;1;True;02.08.2026_01.09.34_attempts.csv
20260802_010934;2026-08-02 01:12:22;8;Dire;İngilizce;To say / To tell;dire;True;correct;Doğru;1.0;;1;True;02.08.2026_01.09.34_attempts.csv
20260802_010934;2026-08-02 01:13:24;9;Quindi;İngilizce;So / Therefore / Then;quindi;True;correct;Doğru;1.0;;1;True;02.08.2026_01.09.34_attempts.csv
20260802_010934;2026-08-02 01:13:42;10;Fino;İngilizce;Until / Up to / As far as;fino;True;correct;Doğru;1.0;;1;True;02.08.2026_01.09.34_attempts.csv
20260802_010934;2026-08-02 01:14:19;11;Aggiungere;İngilizce;To add;aggiungere;True;correct;Doğru;1.0;;1;True;02.08.2026_01.09.34_attempts.csv
20260802_010934;2026-08-02 01:14:25;12;Anche se;İngilizce;Even if / Although;anche se;True;correct;Doğru;1.0;;1;True;02.08.2026_01.09.34_attempts.csv
20260802_010934;2026-08-02 01:14:51;13;Quindi;Türkçe;Bu yüzden / dolayısıyla / O halde;quindi;True;correct;Doğru;1.0;;1;True;02.08.2026_01.09.34_attempts.csv
20260802_010934;2026-08-02 01:15:24;14;Dai;İngilizce;Come on / Go on;dai;True;correct;Doğru;1.0;;1;True;02.08.2026_01.09.34_attempts.csv
20260802_010934;2026-08-02 01:15:30;15;Semplice;İngilizce;Simple / Easy;semplice;True;correct;Doğru;1.0;;1;True;02.08.2026_01.09.34_attempts.csv
20260802_010934;2026-08-02 01:15:34;16;Semplice;Türkçe;Basit / Sade;semplice;True;correct;Doğru;1.0;;1;True;02.08.2026_01.09.34_attempts.csv
20260802_010934;2026-08-02 01:15:40;17;Spiegare;Türkçe;Açıklamak;spiegare;True;correct;Doğru;1.0;;1;True;02.08.2026_01.09.34_attempts.csv
20260802_010934;2026-08-02 01:15:47;18;Camminare;Türkçe;Yürümek;camminare;True;correct;Doğru;1.0;;1;True;02.08.2026_01.09.34_attempts.csv
20260802_010934;2026-08-02 01:18:05;19;Camminare;İngilizce;To walk;camminare;True;correct;Doğru;1.0;;1;True;02.08.2026_01.09.34_attempts.csv
20260802_010934;2026-08-02 01:18:09;20;Spiegare;İngilizce;To explain;spiegare;True;correct;Doğru;1.0;;1;True;02.08.2026_01.09.34_attempts.csv
20260802_010934;2026-08-02 01:18:16;21;Ovviamente;Türkçe;Açıkçası / Elbette;ovviamente;True;correct;Doğru;1.0;;1;True;02.08.2026_01.09.34_attempts.csv
20260802_010934;2026-08-02 01:18:22;22;Non riesco;İngilizce;I can’t manage / Im unable;non riesco;True;correct;Doğru;1.0;;1;True;02.08.2026_01.09.34_attempts.csv
20260802_010934;2026-08-02 01:18:41;23;Scorsa;İngilizce;Last / Previous;scorsa;True;correct;Doğru;1.0;;1;True;02.08.2026_01.09.34_attempts.csv
20260802_010934;2026-08-02 01:18:47;24;In piu;Türkçe;Ayrıca / Ek olarak;in piu;True;correct;Doğru;1.0;;1;True;02.08.2026_01.09.34_attempts.csv
20260802_010934;2026-08-02 01:18:53;25;Puoi farmi;İngilizce;Can you make/do … for me;puoi farmi;True;correct;Doğru;1.0;;1;True;02.08.2026_01.09.34_attempts.csv
20260802_010934;2026-08-02 01:18:57;26;Quanto;İngilizce;How much / How many / As much as;quanto;True;correct;Doğru;1.0;;1;True;02.08.2026_01.09.34_attempts.csv
20260802_010934;2026-08-02 01:19:54;27;Sperare;İngilizce;To hope;sperare;True;correct;Doğru;1.0;;1;True;02.08.2026_01.09.34_attempts.csv
20260802_010934;2026-08-02 01:19:57;28;Dai;Türkçe;Haydi / Hadi ama;dai;True;correct;Doğru;1.0;;1;True;02.08.2026_01.09.34_attempts.csv
20260802_010934;2026-08-02 01:20:00;29;Fino;Türkçe;-e kadar / -a kadar;fino;True;correct;Doğru;1.0;;1;True;02.08.2026_01.09.34_attempts.csv
20260802_010934;2026-08-02 01:20:06;30;Quanto;Türkçe;Ne kadar / Kaç tane;quanto;True;correct;Doğru;1.0;;1;True;02.08.2026_01.09.34_attempts.csv
20260802_010934;2026-08-02 01:20:11;31;Puoi farmi;Türkçe;Bana … yapabilir misin;puoi farmi;True;correct;Doğru;1.0;;1;True;02.08.2026_01.09.34_attempts.csv
20260802_010934;2026-08-02 01:20:14;32;Dire;Türkçe;Söylemek / Demek;dire;True;correct;Doğru;1.0;;1;True;02.08.2026_01.09.34_attempts.csv
20260802_010934;2026-08-02 01:20:22;33;Anche se;Türkçe;Olsa bile / Her ne kadar;anche se;True;correct;Doğru;1.0;;1;True;02.08.2026_01.09.34_attempts.csv
20260802_010934;2026-08-02 01:20:27;34;Ovviamente;İngilizce;Obviously / Of course;ovviamente;True;correct;Doğru;1.0;;1;True;02.08.2026_01.09.34_attempts.csv
20260802_012047;2026-08-02 01:21:00;1;Esempio;Türkçe;Örnek;esempio;True;correct;Doğru;1.0;;1;True;02.08.2026_01.20.47_attempts.csv
20260802_012047;2026-08-02 01:21:03;2;Sabato;Türkçe;Cumartesi;sabato;True;correct;Doğru;1.0;;1;True;02.08.2026_01.20.47_attempts.csv
20260802_012047;2026-08-02 01:21:07;3;Venerdi;Türkçe;Cuma;venerdi;True;correct;Doğru;1.0;;1;True;02.08.2026_01.20.47_attempts.csv
20260802_012047;2026-08-02 01:21:11;4;Frase;İngilizce;Sentence / Phrase;frase;True;correct;Doğru;1.0;;1;True;02.08.2026_01.20.47_attempts.csv
20260802_012047;2026-08-02 01:21:16;5;Ancora;İngilizce;Still / Again / More;ancora;True;correct;Doğru;1.0;;1;True;02.08.2026_01.20.47_attempts.csv
20260802_012047;2026-08-02 01:21:26;6;Anche;Türkçe;Ayrıca / De, da / Bile;anche;True;correct;Doğru;1.0;;1;True;02.08.2026_01.20.47_attempts.csv
20260802_012047;2026-08-02 01:21:30;7;Stesso;Türkçe;Aynı;spesso;False;spelling_error;Yazım hatası;0.833;;1;False;02.08.2026_01.20.47_attempts.csv
20260802_012047;2026-08-02 01:21:41;8;Martedi;İngilizce;Tuesday;martedi;True;correct;Doğru;1.0;;1;True;02.08.2026_01.20.47_attempts.csv
20260802_012047;2026-08-02 01:21:44;9;Mercoledi;Türkçe;Çarşamba;mercoledi;True;correct;Doğru;1.0;;1;True;02.08.2026_01.20.47_attempts.csv
20260802_012047;2026-08-02 01:21:51;10;Anche;İngilizce;Also / Too / Even;anche;True;correct;Doğru;1.0;;1;True;02.08.2026_01.20.47_attempts.csv
20260802_012047;2026-08-02 01:21:56;11;Domenica;Türkçe;Pazar;domenica;True;correct;Doğru;1.0;;1;True;02.08.2026_01.20.47_attempts.csv
20260802_012047;2026-08-02 01:21:59;12;Estata;İngilizce;Summer;estata;True;correct;Doğru;1.0;;1;True;02.08.2026_01.20.47_attempts.csv
20260802_012047;2026-08-02 01:22:04;13;Martedi;Türkçe;Salı;martedi;True;correct;Doğru;1.0;;1;True;02.08.2026_01.20.47_attempts.csv
20260802_012047;2026-08-02 01:22:07;14;Sabato;İngilizce;Saturday;sabato;True;correct;Doğru;1.0;;1;True;02.08.2026_01.20.47_attempts.csv
20260802_012047;2026-08-02 01:22:11;15;Frase;Türkçe;Cümle / İfade;frase;True;correct;Doğru;1.0;;1;True;02.08.2026_01.20.47_attempts.csv
20260802_012047;2026-08-02 01:22:15;16;Fa caldo;Türkçe;Hava sıcak;fa caldo;True;correct;Doğru;1.0;;1;True;02.08.2026_01.20.47_attempts.csv
20260802_012047;2026-08-02 01:22:21;17;Giovedi;İngilizce;Thursday;giovedi;True;correct;Doğru;1.0;;1;True;02.08.2026_01.20.47_attempts.csv
20260802_012047;2026-08-02 01:22:28;18;Il primo;Türkçe;Birinci / İlk / İlk yemek;Il primo;True;correct;Doğru;1.0;;1;True;02.08.2026_01.20.47_attempts.csv
20260802_012047;2026-08-02 01:22:32;19;Ancora;Türkçe;Hala / Tekrar / Daha;ancora;True;correct;Doğru;1.0;;1;True;02.08.2026_01.20.47_attempts.csv
20260802_012047;2026-08-02 01:22:35;20;Domenica;İngilizce;Pazar;domenica;True;correct;Doğru;1.0;;1;True;02.08.2026_01.20.47_attempts.csv
20260802_012047;2026-08-02 01:22:40;21;Sentire;Türkçe;Duymak / Hissetmek;sentire;True;correct;Doğru;1.0;;1;True;02.08.2026_01.20.47_attempts.csv
20260802_012047;2026-08-02 01:22:47;22;Sentire;İngilizce;To hear / To feel;sentire;True;correct;Doğru;1.0;;1;True;02.08.2026_01.20.47_attempts.csv
20260802_012047;2026-08-02 01:22:50;23;Giovedi;Türkçe;Perşembe;giovedi;True;correct;Doğru;1.0;;1;True;02.08.2026_01.20.47_attempts.csv
20260802_012047;2026-08-02 01:22:53;24;Estata;Türkçe;Yaz;estata;True;correct;Doğru;1.0;;1;True;02.08.2026_01.20.47_attempts.csv
20260802_012047;2026-08-02 01:22:57;25;Esempio;İngilizce;Example;esempio;True;correct;Doğru;1.0;;1;True;02.08.2026_01.20.47_attempts.csv
20260802_012047;2026-08-02 01:23:01;26;Stesso;İngilizce;Same;stesso;True;correct;Doğru;1.0;;1;True;02.08.2026_01.20.47_attempts.csv
20260802_012047;2026-08-02 01:23:14;27;Fa caldo;İngilizce;It is Hot;fa caldo;True;correct;Doğru;1.0;;1;True;02.08.2026_01.20.47_attempts.csv
20260802_012047;2026-08-02 01:23:29;28;In piu;İngilizce;In addition / More;in piu;True;correct;Doğru;1.0;;1;True;02.08.2026_01.20.47_attempts.csv
20260802_012047;2026-08-02 01:23:35;29;Il primo;İngilizce;The first / First course;Il primo;True;correct;Doğru;1.0;;1;True;02.08.2026_01.20.47_attempts.csv
20260802_012047;2026-08-02 01:23:40;30;Venerdi;İngilizce;Friday;venerdi;True;correct;Doğru;1.0;;1;True;02.08.2026_01.20.47_attempts.csv
20260802_012047;2026-08-02 01:23:48;31;In piu;Türkçe;Ayrıca / Ek olarak;ancora;False;confused_with_another_word;Başka kelimeyle karıştırma;0.167;Ancora;1;False;02.08.2026_01.20.47_attempts.csv
20260802_012047;2026-08-02 01:23:55;32;Mercoledi;İngilizce;Wednesday;mercoledi;True;correct;Doğru;1.0;;1;True;02.08.2026_01.20.47_attempts.csv
20260802_012047;2026-08-02 01:23:59;33;Stesso;Türkçe;Aynı;stesso;True;correct;Doğru;1.0;;2;False;02.08.2026_01.20.47_attempts.csv
20260802_012047;2026-08-02 01:24:04;34;In piu;Türkçe;Ayrıca / Ek olarak;in piu;True;correct;Doğru;1.0;;2;False;02.08.2026_01.20.47_attempts.csv
20260802_151729;2026-08-02 15:17:41;1;Venerdi;Türkçe;Cuma;venerdi;True;correct;Doğru;1.0;;1;True;02.08.2026_15.17.29_attempts.csv
20260802_151729;2026-08-02 15:17:50;2;Anche;İngilizce;Also / Too / Even;anche;True;correct;Doğru;1.0;;1;True;02.08.2026_15.17.29_attempts.csv
20260802_151729;2026-08-02 15:17:56;3;Domenica;İngilizce;Pazar;domenica;True;correct;Doğru;1.0;;1;True;02.08.2026_15.17.29_attempts.csv
20260802_151729;2026-08-02 15:18:04;4;Ancora;Türkçe;Hala / Tekrar / Daha;ancora;True;correct;Doğru;1.0;;1;True;02.08.2026_15.17.29_attempts.csv
20260802_151729;2026-08-02 15:18:12;5;Esempio;İngilizce;Example;esempio;True;correct;Doğru;1.0;;1;True;02.08.2026_15.17.29_attempts.csv
20260802_151729;2026-08-02 15:18:18;6;Martedi;İngilizce;Tuesday;martedi;True;correct;Doğru;1.0;;1;True;02.08.2026_15.17.29_attempts.csv
20260802_151729;2026-08-02 15:18:22;7;Esempio;Türkçe;Örnek;esempio;True;correct;Doğru;1.0;;1;True;02.08.2026_15.17.29_attempts.csv
20260802_151729;2026-08-02 15:18:27;8;Giovedi;Türkçe;Perşembe;giovedi;True;correct;Doğru;1.0;;1;True;02.08.2026_15.17.29_attempts.csv
20260802_151729;2026-08-02 15:18:44;9;Anche;Türkçe;Ayrıca / De, da / Bile;anche;True;correct;Doğru;1.0;;1;True;02.08.2026_15.17.29_attempts.csv
20260802_151729;2026-08-02 15:18:49;10;Domenica;Türkçe;Pazar;domenica;True;correct;Doğru;1.0;;1;True;02.08.2026_15.17.29_attempts.csv
20260802_151729;2026-08-02 15:18:56;11;Sentire;Türkçe;Duymak / Hissetmek;sentire;True;correct;Doğru;1.0;;1;True;02.08.2026_15.17.29_attempts.csv
20260802_151729;2026-08-02 15:19:03;12;In piu;İngilizce;In addition / More;in piu;True;correct;Doğru;1.0;;1;True;02.08.2026_15.17.29_attempts.csv
20260802_151729;2026-08-02 15:19:08;13;Giovedi;İngilizce;Thursday;giovedi;True;correct;Doğru;1.0;;1;True;02.08.2026_15.17.29_attempts.csv
20260802_151729;2026-08-02 15:19:11;14;Sabato;Türkçe;Cumartesi;sabato;True;correct;Doğru;1.0;;1;True;02.08.2026_15.17.29_attempts.csv
20260802_151729;2026-08-02 15:19:15;15;Martedi;Türkçe;Salı;martedi;True;correct;Doğru;1.0;;1;True;02.08.2026_15.17.29_attempts.csv
20260802_151729;2026-08-02 15:19:18;16;Fa caldo;Türkçe;Hava sıcak;fa caldo;True;correct;Doğru;1.0;;1;True;02.08.2026_15.17.29_attempts.csv
20260802_151729;2026-08-02 15:19:22;17;Venerdi;İngilizce;Friday;venerdi;True;correct;Doğru;1.0;;1;True;02.08.2026_15.17.29_attempts.csv
20260802_151729;2026-08-02 15:19:26;18;Mercoledi;Türkçe;Çarşamba;mercoledi;True;correct;Doğru;1.0;;1;True;02.08.2026_15.17.29_attempts.csv
20260802_151729;2026-08-02 15:19:30;19;Fa caldo;İngilizce;It is Hot;fa caldo;True;correct;Doğru;1.0;;1;True;02.08.2026_15.17.29_attempts.csv
20260802_151729;2026-08-02 15:19:39;20;Il primo;Türkçe;Birinci / İlk / İlk yemek;Il primo;True;correct;Doğru;1.0;;1;True;02.08.2026_15.17.29_attempts.csv
20260802_151729;2026-08-02 15:19:44;21;Ancora;İngilizce;Still / Again / More;ancora;True;correct;Doğru;1.0;;1;True;02.08.2026_15.17.29_attempts.csv
20260802_151729;2026-08-02 15:19:47;22;Estata;Türkçe;Yaz;estata;True;correct;Doğru;1.0;;1;True;02.08.2026_15.17.29_attempts.csv
20260802_151729;2026-08-02 15:19:53;23;Mercoledi;İngilizce;Wednesday;mercoledi;True;correct;Doğru;1.0;;1;True;02.08.2026_15.17.29_attempts.csv
20260802_151729;2026-08-02 15:19:57;24;Estata;İngilizce;Summer;estata;True;correct;Doğru;1.0;;1;True;02.08.2026_15.17.29_attempts.csv
20260802_151729;2026-08-02 15:20:04;25;Stesso;İngilizce;Same;stesso;True;correct;Doğru;1.0;;1;True;02.08.2026_15.17.29_attempts.csv
20260802_151729;2026-08-02 15:20:08;26;Il primo;İngilizce;The first / First course;Il primo;True;correct;Doğru;1.0;;1;True;02.08.2026_15.17.29_attempts.csv
20260802_151729;2026-08-02 15:20:13;27;Sentire;İngilizce;To hear / To feel;sentire;True;correct;Doğru;1.0;;1;True;02.08.2026_15.17.29_attempts.csv
20260802_151729;2026-08-02 15:20:17;28;Frase;İngilizce;Sentence / Phrase;frase;True;correct;Doğru;1.0;;1;True;02.08.2026_15.17.29_attempts.csv
20260802_151729;2026-08-02 15:20:21;29;Sabato;İngilizce;Saturday;sabato;True;correct;Doğru;1.0;;1;True;02.08.2026_15.17.29_attempts.csv
20260802_151729;2026-08-02 15:20:24;30;Frase;Türkçe;Cümle / İfade;frase;True;correct;Doğru;1.0;;1;True;02.08.2026_15.17.29_attempts.csv
20260802_151729;2026-08-02 15:20:32;31;In piu;Türkçe;Ayrıca / Ek olarak;in piu;True;correct;Doğru;1.0;;1;True;02.08.2026_15.17.29_attempts.csv
20260802_151729;2026-08-02 15:20:35;32;Stesso;Türkçe;Aynı;stesso;True;correct;Doğru;1.0;;1;True;02.08.2026_15.17.29_attempts.csv
20260802_152050;2026-08-02 15:20:54;1;Sperare;İngilizce;To hope;sperare;True;correct;Doğru;1.0;;1;True;02.08.2026_15.20.50_attempts.csv
20260802_152050;2026-08-02 15:20:58;2;Quanto;Türkçe;Ne kadar / Kaç tane;quanto;True;correct;Doğru;1.0;;1;True;02.08.2026_15.20.50_attempts.csv
20260802_152050;2026-08-02 15:21:02;3;Scorsa;Türkçe;Geçen / Önceki;scorsa;True;correct;Doğru;1.0;;1;True;02.08.2026_15.20.50_attempts.csv
20260802_152050;2026-08-02 15:21:11;4;Quindi;İngilizce;So / Therefore / Then;quindi;True;correct;Doğru;1.0;;1;True;02.08.2026_15.20.50_attempts.csv
20260802_152050;2026-08-02 15:21:17;5;Ovviamente;İngilizce;Obviously / Of course;ovviamente;True;correct;Doğru;1.0;;1;True;02.08.2026_15.20.50_attempts.csv
20260802_152050;2026-08-02 15:21:21;6;Fino;Türkçe;-e kadar / -a kadar;fino;True;correct;Doğru;1.0;;1;True;02.08.2026_15.20.50_attempts.csv
20260802_152050;2026-08-02 15:21:25;7;Semplice;İngilizce;Simple / Easy;semplice;True;correct;Doğru;1.0;;1;True;02.08.2026_15.20.50_attempts.csv
20260802_152050;2026-08-02 15:21:31;8;Puoi farmi;İngilizce;Can you make/do … for me;puoi farmi;True;correct;Doğru;1.0;;1;True;02.08.2026_15.20.50_attempts.csv
20260802_152050;2026-08-02 15:23:16;9;Dire;Türkçe;Söylemek / Demek;dire;True;correct;Doğru;1.0;;1;True;02.08.2026_15.20.50_attempts.csv
20260802_152050;2026-08-02 15:23:20;10;Scorsa;İngilizce;Last / Previous;scorsa;True;correct;Doğru;1.0;;1;True;02.08.2026_15.20.50_attempts.csv
20260802_152050;2026-08-02 15:23:25;11;Anche se;Türkçe;Olsa bile / Her ne kadar;anche se;True;correct;Doğru;1.0;;1;True;02.08.2026_15.20.50_attempts.csv
20260802_152050;2026-08-02 15:23:31;12;Spiegare;Türkçe;Açıklamak;spiegare;True;correct;Doğru;1.0;;1;True;02.08.2026_15.20.50_attempts.csv
20260802_152050;2026-08-02 15:23:33;13;Dai;İngilizce;Come on / Go on;dai;True;correct;Doğru;1.0;;1;True;02.08.2026_15.20.50_attempts.csv
20260802_152050;2026-08-02 15:25:13;14;Aggiungere;İngilizce;To add;aggiungere;True;correct;Doğru;1.0;;1;True;02.08.2026_15.20.50_attempts.csv
20260802_152050;2026-08-02 15:25:16;15;Dire;İngilizce;To say / To tell;dire;True;correct;Doğru;1.0;;1;True;02.08.2026_15.20.50_attempts.csv
20260802_152050;2026-08-02 15:25:23;16;Anche se;İngilizce;Even if / Although;anche se;True;correct;Doğru;1.0;;1;True;02.08.2026_15.20.50_attempts.csv
20260802_152050;2026-08-02 15:25:29;17;Puoi farmi;Türkçe;Bana … yapabilir misin;puoi farmi;True;correct;Doğru;1.0;;1;True;02.08.2026_15.20.50_attempts.csv
20260802_152050;2026-08-02 15:25:33;18;Fino;İngilizce;Until / Up to / As far as;fino;True;correct;Doğru;1.0;;1;True;02.08.2026_15.20.50_attempts.csv
20260802_152050;2026-08-02 15:25:36;19;Semplice;Türkçe;Basit / Sade;semplice;True;correct;Doğru;1.0;;1;True;02.08.2026_15.20.50_attempts.csv
20260802_152050;2026-08-02 15:27:14;20;Dai;Türkçe;Haydi / Hadi ama;dai;True;correct;Doğru;1.0;;1;True;02.08.2026_15.20.50_attempts.csv
20260802_152050;2026-08-02 15:27:21;21;Sperare;Türkçe;Ummak / Ümit etmek;sperare;True;correct;Doğru;1.0;;1;True;02.08.2026_15.20.50_attempts.csv
20260802_152050;2026-08-02 15:27:26;22;Ovviamente;Türkçe;Açıkçası / Elbette;ovviamente;True;correct;Doğru;1.0;;1;True;02.08.2026_15.20.50_attempts.csv
20260802_152050;2026-08-02 15:27:29;23;Sensazione;İngilizce;Feeling / Sensation;sentire;False;unknown_or_semantic_error;Bilinmeyen veya anlamsal hata;0.588;;1;False;02.08.2026_15.20.50_attempts.csv
20260802_152050;2026-08-02 15:27:38;24;Sensazione;Türkçe;His / Duygu / İzlenim;sensazione;True;correct;Doğru;1.0;;1;True;02.08.2026_15.20.50_attempts.csv
20260802_152050;2026-08-02 15:27:50;25;Non riesco;Türkçe;Başaramıyorum / Yapamıyorum;non capire;False;unknown_or_semantic_error;Bilinmeyen veya anlamsal hata;0.5;;1;False;02.08.2026_15.20.50_attempts.csv
20260802_152050;2026-08-02 15:27:54;26;Non riesco;İngilizce;I can’t manage / Im unable;;False;no_recall;Hatırlayamama / boş cevap;0.0;;1;False;02.08.2026_15.20.50_attempts.csv
20260802_152050;2026-08-02 15:27:58;27;Quanto;İngilizce;How much / How many / As much as;quanto;True;correct;Doğru;1.0;;1;True;02.08.2026_15.20.50_attempts.csv
20260802_152050;2026-08-02 15:28:03;28;Non riesco;Türkçe;Başaramıyorum / Yapamıyorum;non riesco;True;correct;Doğru;1.0;;2;False;02.08.2026_15.20.50_attempts.csv
20260802_152050;2026-08-02 15:28:09;29;Aggiungere;Türkçe;Eklemek;aggiungere;True;correct;Doğru;1.0;;1;True;02.08.2026_15.20.50_attempts.csv
20260802_152050;2026-08-02 15:28:15;30;Sensazione;İngilizce;Feeling / Sensation;sensazione;True;correct;Doğru;1.0;;2;False;02.08.2026_15.20.50_attempts.csv
20260802_152050;2026-08-02 15:28:20;31;Non riesco;İngilizce;I can’t manage / Im unable;non riesco;True;correct;Doğru;1.0;;2;False;02.08.2026_15.20.50_attempts.csv
20260802_152050;2026-08-02 15:28:27;32;Quindi;Türkçe;Bu yüzden / dolayısıyla / O halde;quindi;True;correct;Doğru;1.0;;1;True;02.08.2026_15.20.50_attempts.csv
20260802_152050;2026-08-02 15:28:31;33;Spiegare;İngilizce;To explain;spiegare;True;correct;Doğru;1.0;;1;True;02.08.2026_15.20.50_attempts.csv
20260802_160735;2026-08-02 16:07:40;1;Aggiungere;İngilizce;To add;aggiungere;True;correct;Doğru;1.0;;1;True;02.08.2026_16.07.35_attempts.csv
20260802_160735;2026-08-02 16:07:45;2;Non riesco;Türkçe;Başaramıyorum / Yapamıyorum;non riesco;True;correct;Doğru;1.0;;1;True;02.08.2026_16.07.35_attempts.csv
20260802_160735;2026-08-02 16:07:49;3;Non riesco;İngilizce;I can’t manage / Im unable;non riesco;True;correct;Doğru;1.0;;1;True;02.08.2026_16.07.35_attempts.csv
20260802_160735;2026-08-02 16:07:54;4;Ovviamente;İngilizce;Obviously / Of course;ovviamente;True;correct;Doğru;1.0;;1;True;02.08.2026_16.07.35_attempts.csv
20260802_160735;2026-08-02 16:07:57;5;Dire;Türkçe;Söylemek / Demek;dire;True;correct;Doğru;1.0;;1;True;02.08.2026_16.07.35_attempts.csv
20260802_160735;2026-08-02 16:08:02;6;Aggiungere;Türkçe;Eklemek;aggiungere;True;correct;Doğru;1.0;;1;True;02.08.2026_16.07.35_attempts.csv
20260802_160735;2026-08-02 16:08:09;7;Puoi farmi;İngilizce;Can you make/do … for me;puoi farmi;True;correct;Doğru;1.0;;1;True;02.08.2026_16.07.35_attempts.csv
20260802_160735;2026-08-02 16:08:14;8;Quindi;Türkçe;Bu yüzden / dolayısıyla / O halde;quindi;True;correct;Doğru;1.0;;1;True;02.08.2026_16.07.35_attempts.csv
20260802_160735;2026-08-02 16:08:22;9;Sensazione;Türkçe;His / Duygu / İzlenim;sensazione;True;correct;Doğru;1.0;;1;True;02.08.2026_16.07.35_attempts.csv
20260802_160735;2026-08-02 16:08:26;10;Quanto;Türkçe;Ne kadar / Kaç tane;quanto;True;correct;Doğru;1.0;;1;True;02.08.2026_16.07.35_attempts.csv
20260802_160735;2026-08-02 16:08:29;11;Spiegare;Türkçe;Açıklamak;spiegare;True;correct;Doğru;1.0;;1;True;02.08.2026_16.07.35_attempts.csv
20260802_160735;2026-08-02 16:08:34;12;Spiegare;İngilizce;To explain;spiegare;True;correct;Doğru;1.0;;1;True;02.08.2026_16.07.35_attempts.csv
20260802_160735;2026-08-02 16:08:38;13;Sperare;İngilizce;To hope;sperare;True;correct;Doğru;1.0;;1;True;02.08.2026_16.07.35_attempts.csv
20260802_160735;2026-08-02 16:08:45;14;Scorsa;Türkçe;Geçen / Önceki;scorsa;True;correct;Doğru;1.0;;1;True;02.08.2026_16.07.35_attempts.csv
20260802_160735;2026-08-02 16:08:49;15;Semplice;Türkçe;Basit / Sade;semplimente;False;unknown_or_semantic_error;Bilinmeyen veya anlamsal hata;0.737;;1;False;02.08.2026_16.07.35_attempts.csv
20260802_160735;2026-08-02 16:08:55;16;Anche se;İngilizce;Even if / Although;anche se;True;correct;Doğru;1.0;;1;True;02.08.2026_16.07.35_attempts.csv
20260802_160735;2026-08-02 16:09:00;17;Sensazione;İngilizce;Feeling / Sensation;sensazione;True;correct;Doğru;1.0;;1;True;02.08.2026_16.07.35_attempts.csv
20260802_160735;2026-08-02 16:09:04;18;Ovviamente;Türkçe;Açıkçası / Elbette;ovviamente;True;correct;Doğru;1.0;;1;True;02.08.2026_16.07.35_attempts.csv
20260802_160735;2026-08-02 16:09:25;19;Dai;Türkçe;Haydi / Hadi ama;dai;True;correct;Doğru;1.0;;1;True;02.08.2026_16.07.35_attempts.csv
20260802_160735;2026-08-02 16:09:28;20;Dire;İngilizce;To say / To tell;dire;True;correct;Doğru;1.0;;1;True;02.08.2026_16.07.35_attempts.csv
20260802_160735;2026-08-02 16:09:31;21;Scorsa;İngilizce;Last / Previous;scorsa;True;correct;Doğru;1.0;;1;True;02.08.2026_16.07.35_attempts.csv
20260802_160735;2026-08-02 16:09:36;22;Quanto;İngilizce;How much / How many / As much as;quanto;True;correct;Doğru;1.0;;1;True;02.08.2026_16.07.35_attempts.csv
20260802_160735;2026-08-02 16:09:42;23;Sperare;Türkçe;Ummak / Ümit etmek;sperare;True;correct;Doğru;1.0;;1;True;02.08.2026_16.07.35_attempts.csv
20260802_160735;2026-08-02 16:09:47;24;Semplice;Türkçe;Basit / Sade;semplice;True;correct;Doğru;1.0;;2;False;02.08.2026_16.07.35_attempts.csv
20260802_160735;2026-08-02 16:09:51;25;Dai;İngilizce;Come on / Go on;dai;True;correct;Doğru;1.0;;1;True;02.08.2026_16.07.35_attempts.csv
20260802_160735;2026-08-02 16:09:55;26;Quindi;İngilizce;So / Therefore / Then;quindi;True;correct;Doğru;1.0;;1;True;02.08.2026_16.07.35_attempts.csv
20260802_160735;2026-08-02 16:10:01;27;Puoi farmi;Türkçe;Bana … yapabilir misin;puoi farmi;True;correct;Doğru;1.0;;1;True;02.08.2026_16.07.35_attempts.csv
20260802_160735;2026-08-02 16:10:06;28;Semplice;İngilizce;Simple / Easy;semplice;True;correct;Doğru;1.0;;1;True;02.08.2026_16.07.35_attempts.csv
20260802_160735;2026-08-02 16:10:09;29;Fino;Türkçe;-e kadar / -a kadar;fino;True;correct;Doğru;1.0;;1;True;02.08.2026_16.07.35_attempts.csv
20260802_160735;2026-08-02 16:10:15;30;Anche se;Türkçe;Olsa bile / Her ne kadar;anche se;True;correct;Doğru;1.0;;1;True;02.08.2026_16.07.35_attempts.csv
20260802_160735;2026-08-02 16:10:19;31;Fino;İngilizce;Until / Up to / As far as;fino;True;correct;Doğru;1.0;;1;True;02.08.2026_16.07.35_attempts.csv
20260802_161046;2026-08-02 16:15:09;1;Scorsa;İngilizce;Last / Previous;scorsa;True;correct;Doğru;1.0;;1;True;02.08.2026_16.10.46_attempts.csv
20260802_161046;2026-08-02 16:15:46;2;Quindi;Türkçe;Bu yüzden / dolayısıyla / O halde;quindi;True;correct;Doğru;1.0;;1;True;02.08.2026_16.10.46_attempts.csv
20260802_161046;2026-08-02 16:16:15;3;Quanto;Türkçe;Ne kadar / Kaç tane;quanto;True;correct;Doğru;1.0;;1;True;02.08.2026_16.10.46_attempts.csv
20260802_161046;2026-08-02 16:17:22;4;Ovviamente;Türkçe;Açıkçası / Elbette;ovviamente;True;correct;Doğru;1.0;;1;True;02.08.2026_16.10.46_attempts.csv
20260802_161046;2026-08-02 16:18:00;5;Dai;İngilizce;Come on / Go on;dai;True;correct;Doğru;1.0;;1;True;02.08.2026_16.10.46_attempts.csv
20260802_161046;2026-08-02 16:18:07;6;Fino;Türkçe;-e kadar / -a kadar;fino;True;correct;Doğru;1.0;;1;True;02.08.2026_16.10.46_attempts.csv
20260802_161046;2026-08-02 16:18:11;7;Anche se;İngilizce;Even if / Although;anche se;True;correct;Doğru;1.0;;1;True;02.08.2026_16.10.46_attempts.csv
20260802_161046;2026-08-02 16:18:28;8;Semplice;İngilizce;Simple / Easy;semplice;True;correct;Doğru;1.0;;1;True;02.08.2026_16.10.46_attempts.csv
20260802_161046;2026-08-02 16:19:49;9;Semplice;Türkçe;Basit / Sade;semplice;True;correct;Doğru;1.0;;1;True;02.08.2026_16.10.46_attempts.csv
20260802_161046;2026-08-02 16:19:52;10;Quanto;İngilizce;How much / How many / As much as;quanto;True;correct;Doğru;1.0;;1;True;02.08.2026_16.10.46_attempts.csv
20260802_161046;2026-08-02 16:19:57;11;Sperare;Türkçe;Ummak / Ümit etmek;sperare;True;correct;Doğru;1.0;;1;True;02.08.2026_16.10.46_attempts.csv
20260802_161046;2026-08-02 16:20:00;12;Quindi;İngilizce;So / Therefore / Then;quindi;True;correct;Doğru;1.0;;1;True;02.08.2026_16.10.46_attempts.csv
20260802_161046;2026-08-02 16:20:05;13;Sensazione;İngilizce;Feeling / Sensation;sensazione;True;correct;Doğru;1.0;;1;True;02.08.2026_16.10.46_attempts.csv
20260802_161046;2026-08-02 16:21:47;14;Spiegare;İngilizce;To explain;spiegare;True;correct;Doğru;1.0;;1;True;02.08.2026_16.10.46_attempts.csv
20260802_161046;2026-08-02 16:21:50;15;Dai;Türkçe;Haydi / Hadi ama;dai;True;correct;Doğru;1.0;;1;True;02.08.2026_16.10.46_attempts.csv
20260802_161046;2026-08-02 16:21:56;16;Aggiungere;İngilizce;To add;aggiungere;True;correct;Doğru;1.0;;1;True;02.08.2026_16.10.46_attempts.csv
20260802_161046;2026-08-02 16:22:02;17;Puoi farmi;İngilizce;Can you make/do … for me;puoi farmi;True;correct;Doğru;1.0;;1;True;02.08.2026_16.10.46_attempts.csv
20260802_161046;2026-08-02 16:22:05;18;Ovviamente;İngilizce;Obviously / Of course;ovviamente;True;correct;Doğru;1.0;;1;True;02.08.2026_16.10.46_attempts.csv
20260802_161046;2026-08-02 16:22:15;19;Anche se;Türkçe;Olsa bile / Her ne kadar;anche se;True;correct;Doğru;1.0;;1;True;02.08.2026_16.10.46_attempts.csv
20260802_161046;2026-08-02 16:22:18;20;Spiegare;Türkçe;Açıklamak;spiegare;True;correct;Doğru;1.0;;1;True;02.08.2026_16.10.46_attempts.csv
20260802_161046;2026-08-02 16:22:23;21;Aggiungere;Türkçe;Eklemek;aggiungere;True;correct;Doğru;1.0;;1;True;02.08.2026_16.10.46_attempts.csv
20260802_161046;2026-08-02 16:22:27;22;Non riesco;Türkçe;Başaramıyorum / Yapamıyorum;non riesco;True;correct;Doğru;1.0;;1;True;02.08.2026_16.10.46_attempts.csv
20260802_161046;2026-08-02 16:22:30;23;Sperare;İngilizce;To hope;sperare;True;correct;Doğru;1.0;;1;True;02.08.2026_16.10.46_attempts.csv
20260802_161046;2026-08-02 16:22:34;24;Scorsa;Türkçe;Geçen / Önceki;scorsa;True;correct;Doğru;1.0;;1;True;02.08.2026_16.10.46_attempts.csv
20260802_161046;2026-08-02 16:22:39;25;Sensazione;Türkçe;His / Duygu / İzlenim;sensazione;True;correct;Doğru;1.0;;1;True;02.08.2026_16.10.46_attempts.csv
20260802_161046;2026-08-02 16:22:44;26;Non riesco;İngilizce;I can’t manage / Im unable;non riesco;True;correct;Doğru;1.0;;1;True;02.08.2026_16.10.46_attempts.csv
20260802_161046;2026-08-02 16:22:49;27;Puoi farmi;Türkçe;Bana … yapabilir misin;puoi farmi;True;correct;Doğru;1.0;;1;True;02.08.2026_16.10.46_attempts.csv
20260802_161046;2026-08-02 16:22:54;28;Fino;İngilizce;Until / Up to / As far as;fino;True;correct;Doğru;1.0;;1;True;02.08.2026_16.10.46_attempts.csv
20260802_161046;2026-08-02 16:22:57;29;Dire;Türkçe;Söylemek / Demek;dire;True;correct;Doğru;1.0;;1;True;02.08.2026_16.10.46_attempts.csv
20260802_161046;2026-08-02 16:23:00;30;Dire;İngilizce;To say / To tell;dire;True;correct;Doğru;1.0;;1;True;02.08.2026_16.10.46_attempts.csv
